brand_name,generic_name,key
sodium chloride,0.9 % sodium chloride,sodium chloride
irbesartan,irbesartan,irbesartan
amlodipine besylate,amlodipine besylate,amlodipine besylate
isoniazid,isoniazid,isoniazid
isosorbide dinitrate,isosorbide dinitrate,isosorbide dinitrate
isosorbide mononitrate,isosorbide mononitrate,isosorbide mononitrate
isradipine,isradipine,isradipine
itraconazole,itraconazole,itraconazole
ivermectin,ivermectin,ivermectin
ketoconazole,ketoconazole,ketoconazole
ketoprofen,ketoprofen,ketoprofen
ketorolac tromethamine,ketorolac tromethamine,ketorolac tromethamine
ketotifen fumarate,ketotifen fumarate,ketotifen fumarate
lactic acid,lactic acid,lactic acid
lactulose,lactulose,lactulose
lamivudine,lamivudine,lamivudine
amoxapine,amoxapine,amoxapine
lamotrigine,lamotrigine,lamotrigine
lansoprazole,lansoprazole,lansoprazole
amoxicillin,amoxicillin,amoxicillin
latanoprost,latanoprost,latanoprost
leflunomide,leflunomide,leflunomide
letrozole,letrozole,letrozole
calcium folinate,leucovorin calcium,calcium folinate
leucovorin calcium,leucovorin calcium,leucovorin calcium
leuprolide acetate,leuprolide acetate,leuprolide acetate
levetiracetam,levetiracetam,levetiracetam
levocarnitine,levocarnitine,levocarnitine
levocarnitine,levocarnitine (with sugar),levocarnitine
levofloxacin,levofloxacin,levofloxacin
acamprosate calcium,acamprosate calcium,acamprosate calcium
levonorgestrel,levonorgestrel,levonorgestrel
levothyroxine sodium,levothyroxine sodium,levothyroxine sodium
amphotericin b,amphotericin b,amphotericin b
lidocaine,lidocaine,lidocaine
ampicillin sodium,ampicillin sodium,ampicillin sodium
lindane,lindane,lindane
linezolid,linezolid,linezolid
liothyronine sodium,liothyronine sodium,liothyronine sodium
lisinopril,lisinopril,lisinopril
lithium carbonate,lithium carbonate,lithium carbonate
lithium,lithium citrate,lithium
lithium citrate,lithium citrate,lithium citrate
amyl nitrite,amyl nitrite,amyl nitrite
lomustine,lomustine,lomustine
loperamide,loperamide hcl,loperamide
lorazepam,lorazepam,lorazepam
losartan potassium,losartan potassium,losartan potassium
lovastatin,lovastatin,lovastatin
loxapine,loxapine succinate,loxapine
mafenide acetate,mafenide acetate,mafenide acetate
magnesium chloride,magnesium chloride,magnesium chloride
magnesium sulfate,magnesium sulfate,magnesium sulfate
magnesium sulfate,magnesium sulfate in water,magnesium sulfate
malathion,malathion,malathion
mannitol,mannitol,mannitol
anastrozole,anastrozole,anastrozole
mebendazole,mebendazole,mebendazole
meclofenamate sodium,meclofenamate sodium,meclofenamate sodium
medroxyprogesterone acetate,medroxyprogesterone acetate,medroxyprogesterone acetate
mefenamic acid,mefenamic acid,mefenamic acid
megestrol acetate,megestrol acetate,megestrol acetate
meloxicam,meloxicam,meloxicam
meprobamate,meprobamate,meprobamate
mercaptopurine,mercaptopurine,mercaptopurine
meropenem,meropenem,meropenem
acarbose,acarbose,acarbose
mesalamine,mesalamine,mesalamine
mesalamine,mesalamine w/cleansing wipes,mesalamine
mesna,mesna,mesna
metaproterenol sulfate,metaproterenol sulfate,metaproterenol sulfate
methazolamide,methazolamide,methazolamide
methenamine hippurate,methenamine hippurate,methenamine hippurate
methenamine mandelate,methenamine mandelate,methenamine mandelate
methimazole,methimazole,methimazole
methocarbamol,methocarbamol,methocarbamol
methotrexate,methotrexate sodium,methotrexate
methotrexate,methotrexate sodium/pf,methotrexate
methotrexate sodium,methotrexate sodium/pf,methotrexate sodium
methoxsalen,"methoxsalen, rapid",methoxsalen
methyclothiazide,methyclothiazide,methyclothiazide
methyldopa,methyldopa,methyldopa
methylene blue,methylene blue,methylene blue
methylergonovine maleate,methylergonovine maleate,methylergonovine maleate
methylprednisolone,methylprednisolone,methylprednisolone
methylprednisolone acetate,methylprednisolone acetate,methylprednisolone acetate
methyltestosterone,methyltestosterone,methyltestosterone
metipranolol,metipranolol,metipranolol
metolazone,metolazone,metolazone
metoprolol succinate,metoprolol succinate,metoprolol succinate
metoprolol tartrate,metoprolol tartrate,metoprolol tartrate
metronidazole,metronidazole,metronidazole
metronidazole,metronidazole/sodium chloride,metronidazole
milrinone lactate,milrinone lactate,milrinone lactate
minoxidil,minoxidil,minoxidil
mirtazapine,mirtazapine,mirtazapine
misoprostol,misoprostol,misoprostol
mitomycin,mitomycin,mitomycin
modafinil,modafinil,modafinil
mometasone furoate,mometasone furoate,mometasone furoate
montelukast sodium,montelukast sodium,montelukast sodium
morphine sulfate,morphine sulfate,morphine sulfate
morphine sulfate,morphine sulfate/pf,morphine sulfate
aripiprazole,aripiprazole,aripiprazole
mupirocin,mupirocin,mupirocin
mupirocin,mupirocin calcium,mupirocin
mycophenolate mofetil,mycophenolate mofetil,mycophenolate mofetil
mycophenolic acid,mycophenolate sodium,mycophenolic acid
nabumetone,nabumetone,nabumetone
nadolol,nadolol,nadolol
nafcillin,"nafcillin in dextrose,iso-osm",nafcillin
nafcillin sodium,nafcillin sodium,nafcillin sodium
naproxen,naproxen,naproxen
naproxen sodium,naproxen sodium,naproxen sodium
nateglinide,nateglinide,nateglinide
neomycin sulfate,neomycin sulfate,neomycin sulfate
neostigmine methylsulfate,neostigmine methylsulfate,neostigmine methylsulfate
nevirapine,nevirapine,nevirapine
atenolol,atenolol,atenolol
nifedipine,nifedipine,nifedipine
nimodipine,nimodipine,nimodipine
nisoldipine,nisoldipine,nisoldipine
nitrofurantoin,nitrofurantoin,nitrofurantoin
nitrofurantoin,nitrofurantoin macrocrystal,nitrofurantoin
nitroglycerin,nitroglycerin,nitroglycerin
nizatidine,nizatidine,nizatidine
atorvastatin calcium,atorvastatin calcium,atorvastatin calcium
norethindrone,norethindrone,norethindrone
atovaquone,atovaquone,atovaquone
atracurium besylate,atracurium besylate,atracurium besylate
norethindrone acetate,norethindrone acetate,norethindrone acetate
atropine sulfate,atropine sulfate,atropine sulfate
nystatin,nystatin,nystatin
octreotide acetate,octreotide acetate,octreotide acetate
ofloxacin,ofloxacin,ofloxacin
olanzapine,olanzapine,olanzapine
atropine sulfate,atropine sulfate/pf,atropine sulfate
omeprazole,omeprazole,omeprazole
opium tincture,opium tincture,opium tincture
azacitidine,azacitidine,azacitidine
orphenadrine citrate,orphenadrine citrate,orphenadrine citrate
oxacillin sodium,oxacillin sodium,oxacillin sodium
oxacillin,"oxacillin sodium/dextrose,iso",oxacillin
oxaliplatin,oxaliplatin,oxaliplatin
oxandrolone,oxandrolone,oxandrolone
oxaprozin,oxaprozin,oxaprozin
oxazepam,oxazepam,oxazepam
oxcarbazepine,oxcarbazepine,oxcarbazepine
oxybutynin chloride,oxybutynin chloride,oxybutynin chloride
azathioprine,azathioprine,azathioprine
oxytocin,oxytocin,oxytocin
paclitaxel,paclitaxel,paclitaxel
pamidronate disodium,pamidronate disodium,pamidronate disodium
pantoprazole sodium,pantoprazole sodium,pantoprazole sodium
amino acids,parenteral amino acid 15% no.1,amino acids
paricalcitol,paricalcitol,paricalcitol
paromomycin sulfate,paromomycin sulfate,paromomycin sulfate
azithromycin,azithromycin,azithromycin
penicillin g potassium,penicillin g potassium,penicillin g potassium
penicillin g sodium,penicillin g sodium,penicillin g sodium
penicillin v potassium,penicillin v potassium,penicillin v potassium
pentoxifylline,pentoxifylline,pentoxifylline
azithromycin,azithromycin hydrogen citrate,azithromycin
perindopril erbumine,perindopril erbumine,perindopril erbumine
permethrin,permethrin,permethrin
perphenazine,perphenazine,perphenazine
phenelzine sulfate,phenelzine sulfate,phenelzine sulfate
phenobarbital,phenobarbital,phenobarbital
phenobarbital sodium,phenobarbital sodium,phenobarbital sodium
aztreonam,aztreonam,aztreonam
phentolamine mesylate,phentolamine mesylate,phentolamine mesylate
phenytoin,phenytoin,phenytoin
phenytoin sodium,phenytoin sodium,phenytoin sodium
pimozide,pimozide,pimozide
pindolol,pindolol,pindolol
piperacillin,piperacillin sodium,piperacillin
piroxicam,piroxicam,piroxicam
bacitracin,bacitracin,bacitracin
baclofen,baclofen,baclofen
podofilox,podofilox,podofilox
polymyxin b sulfate,polymyxin b sulfate,polymyxin b sulfate
potassium chloride,pot chloride/pot bicarb/cit ac,potassium chloride
potassium acetate,potassium acetate,potassium acetate
potassium bicarbonate,potassium bicarbonate/cit ac,potassium bicarbonate
potassium chloride,potassium chloride,potassium chloride
potassium citrate,potassium citrate,potassium citrate
balsalazide disodium,balsalazide disodium,balsalazide disodium
pravastatin sodium,pravastatin sodium,pravastatin sodium
prednicarbate,prednicarbate,prednicarbate
prednisolone,prednisolone,prednisolone
prednisolone acetate,prednisolone acetate,prednisolone acetate
prednisolone sodium phosphate,prednisolone sod phosphate,prednisolone sodium phosphate
prednisone,prednisone,prednisone
primaquine,primaquine phosphate,primaquine
primidone,primidone,primidone
probenecid,probenecid,probenecid
prochlorperazine,prochlorperazine,prochlorperazine
prochlorperazine maleate,prochlorperazine,prochlorperazine maleate
prochlorperazine edisylate,prochlorperazine edisylate,prochlorperazine edisylate
prochlorperazine maleate,prochlorperazine maleate,prochlorperazine maleate
progesterone,progesterone,progesterone
progesterone,"progesterone,micronized",progesterone
propantheline bromide,propantheline bromide,propantheline bromide
propylthiouracil,propylthiouracil,propylthiouracil
pyrazinamide,pyrazinamide,pyrazinamide
pyridostigmine bromide,pyridostigmine bromide,pyridostigmine bromide
quetiapine fumarate,quetiapine fumarate,quetiapine fumarate
quinidine gluconate,quinidine gluconate,quinidine gluconate
quinidine sulfate,quinidine sulfate,quinidine sulfate
quinine sulfate,quinine sulfate,quinine sulfate
rabeprazole sodium,rabeprazole sodium,rabeprazole sodium
ramipril,ramipril,ramipril
repaglinide,repaglinide,repaglinide
reserpine,reserpine,reserpine
ribavirin,ribavirin,ribavirin
rifabutin,rifabutin,rifabutin
rifampin,rifampin,rifampin
riluzole,riluzole,riluzole
risedronate sodium,risedronate sodium,risedronate sodium
risperidone,risperidone,risperidone
rivastigmine,rivastigmine,rivastigmine
benzonatate,benzonatate,benzonatate
rivastigmine,rivastigmine tartrate,rivastigmine
rizatriptan,rizatriptan benzoate,rizatriptan
rocuronium bromide,rocuronium bromide,rocuronium bromide
salicylic acid,salicylic acid,salicylic acid
salicylic acid,salicylic acid/ceramide cmb #1,salicylic acid
salsalate,salsalate,salsalate
scopolamine hydrobromide,scopolamine hydrobromide,scopolamine hydrobromide
benzoyl peroxide,benzoyl peroxide,benzoyl peroxide
selenium sulfide,selenium sulfide,selenium sulfide
sevelamer carbonate,sevelamer carbonate,sevelamer carbonate
sildenafil,sildenafil citrate,sildenafil
silver nitrate,silver nitrate,silver nitrate
silver sulfadiazine,silver sulfadiazine,silver sulfadiazine
simvastatin,simvastatin,simvastatin
sirolimus,sirolimus,sirolimus
sodium acetate,sodium acetate,sodium acetate
sodium bicarbonate,sodium bicarbonate,sodium bicarbonate
sodium chloride,sodium chloride,sodium chloride
sodium chloride,sodium chloride 0.45 %,sodium chloride
sodium chloride,sodium chloride 3 %,sodium chloride
sodium chloride,sodium chloride 5 %,sodium chloride
sodium chloride,sodium chloride for inhalation,sodium chloride
sodium chloride,sodium chloride irrig solution,sodium chloride
sodium fluoride,sodium fluoride,sodium fluoride
benzoyl peroxide,benzoyl peroxide microspheres,benzoyl peroxide
sodium phenylbutyrate,sodium phenylbutyrate,sodium phenylbutyrate
sodium phosphate,"sodium phos,m-basic-d-basic",sodium phosphate
sodium polystyrene sulfonate,sodium polystyrene sulfonate,sodium polystyrene sulfonate
sodium thiosulfate,sodium thiosulfate,sodium thiosulfate
benzoyl peroxide,benzoyl peroxide&skin cleansr5,benzoyl peroxide
sotalol,sotalol hcl,sotalol
spironolactone,spironolactone,spironolactone
stannous fluoride,stannous fluoride,stannous fluoride
stavudine,stavudine,stavudine
streptomycin sulfate,streptomycin sulfate,streptomycin sulfate
benzoyl peroxide,benzoyl peroxide/urea,benzoyl peroxide
sucralfate,sucralfate,sucralfate
sulfacetamide sodium,sulfacetamide sodium,sulfacetamide sodium
benztropine mesylate,benztropine mesylate,benztropine mesylate
sulfacetamide sodium,sulfacetamide sodium/urea,sulfacetamide sodium
sulfadiazine,sulfadiazine,sulfadiazine
sulfasalazine,sulfasalazine,sulfasalazine
sulindac,sulindac,sulindac
sumatriptan,sumatriptan,sumatriptan
sumatriptan succinate,sumatriptan succinate,sumatriptan succinate
betamethasone dipropionate,betamethasone dipropionate,betamethasone dipropionate
betamethasone valerate,betamethasone valerate,betamethasone valerate
betamethasone dipropionate,betamethasone/propylene glyc,betamethasone dipropionate
tacrolimus,tacrolimus,tacrolimus
tamoxifen citrate,tamoxifen citrate,tamoxifen citrate
bethanechol chloride,bethanechol chloride,bethanechol chloride
telmisartan,telmisartan,telmisartan
temazepam,temazepam,temazepam
terbutaline sulfate,terbutaline sulfate,terbutaline sulfate
terconazole,terconazole,terconazole
bexarotene,bexarotene,bexarotene
testosterone,testosterone,testosterone
testosterone cypionate,testosterone cypionate,testosterone cypionate
testosterone enanthate,testosterone enanthate,testosterone enanthate
bicalutamide,bicalutamide,bicalutamide
tetanus toxoid adsorbed,"tetanus toxoid, adsorbed/pf",tetanus toxoid adsorbed
tetrabenazine,tetrabenazine,tetrabenazine
theophylline,theophylline anhydrous,theophylline
bimatoprost,bimatoprost,bimatoprost
thiotepa,thiotepa,thiotepa
thiothixene,thiothixene,thiothixene
timolol maleate,timolol maleate,timolol maleate
tinidazole,tinidazole,tinidazole
tobramycin,tobramycin,tobramycin
tobramycin,tobramycin in 0.225% nacl,tobramycin
tobramycin sulfate,tobramycin sulfate,tobramycin sulfate
tolazamide,tolazamide,tolazamide
tolbutamide,tolbutamide,tolbutamide
tolcapone,tolcapone,tolcapone
tolmetin sodium,tolmetin sodium,tolmetin sodium
tolterodine tartrate,tolterodine tartrate,tolterodine tartrate
topiramate,topiramate,topiramate
torsemide,torsemide,torsemide
trandolapril,trandolapril,trandolapril
bisoprolol fumarate,bisoprolol fumarate,bisoprolol fumarate
tranexamic acid,tranexamic acid,tranexamic acid
tranylcypromine sulfate,tranylcypromine sulfate,tranylcypromine sulfate
travoprost,travoprost (benzalkonium),travoprost
tretinoin,tretinoin,tretinoin
tretinoin,tretinoin/emollient base,tretinoin
triamcinolone acetonide,triamcinolone acetonide,triamcinolone acetonide
triazolam,triazolam,triazolam
bleomycin sulfate,bleomycin sulfate,bleomycin sulfate
trifluridine,trifluridine,trifluridine
trimethoprim,trimethoprim,trimethoprim
trimipramine maleate,trimipramine maleate,trimipramine maleate
tropicamide,tropicamide,tropicamide
trospium chloride,trospium chloride,trospium chloride
urea,urea,urea
urea,urea/lactic ac/zn undecylenate,urea
urea,urea/lactic acid/salicylic ac,urea
ursodiol,ursodiol,ursodiol
valproic acid,valproic acid,valproic acid
valproate sodium,valproic acid (as sodium salt),valproate sodium
valproic acid,valproic acid (as sodium salt),valproic acid
valsartan,valsartan,valsartan
acetazolamide,acetazolamide,acetazolamide
vancomycin,"vancomycin in dextrose,iso-osm",vancomycin
vandetanib,vandetanib,vandetanib
brimonidine tartrate,brimonidine tartrate,brimonidine tartrate
vasopressin,vasopressin,vasopressin
vinblastine sulfate,vinblastine sulfate,vinblastine sulfate
vincristine sulfate,vincristine sulfate,vincristine sulfate
vinorelbine tartrate,vinorelbine tartrate,vinorelbine tartrate
voriconazole,voriconazole,voriconazole
warfarin sodium,warfarin sodium,warfarin sodium
zafirlukast,zafirlukast,zafirlukast
zaleplon,zaleplon,zaleplon
zidovudine,zidovudine,zidovudine
bromfenac sodium,bromfenac sodium,bromfenac sodium
zinc sulfate,zinc sulfate,zinc sulfate
zoledronic acid,zoledronic acid,zoledronic acid
zoledronic acid,zoledronic acid/mannitol&water,zoledronic acid
zolmitriptan,zolmitriptan,zolmitriptan
zolpidem tartrate,zolpidem tartrate,zolpidem tartrate
zonisamide,zonisamide,zonisamide
bromocriptine mesylate,bromocriptine mesylate,bromocriptine mesylate
acetazolamide sodium,acetazolamide sodium,acetazolamide sodium
budesonide,budesonide,budesonide
acetic acid,acetic acid,acetic acid
bumetanide,bumetanide,bumetanide
butorphanol tartrate,butorphanol tartrate,butorphanol tartrate
cabergoline,cabergoline,cabergoline
caffeine citrate,caffeine citrated,caffeine citrate
calcipotriene,calcipotriene,calcipotriene
calcitriol,calcitriol,calcitriol
calcium acetate,calcium acetate,calcium acetate
calcium chloride,calcium chloride,calcium chloride
calcium gluconate,calcium gluconate,calcium gluconate
candesartan cilexetil,candesartan cilexetil,candesartan cilexetil
capecitabine,capecitabine,capecitabine
captopril,captopril,captopril
carbamazepine,carbamazepine,carbamazepine
carbinoxamine maleate,carbinoxamine maleate,carbinoxamine maleate
carboplatin,carboplatin,carboplatin
carisoprodol,carisoprodol,carisoprodol
carvedilol,carvedilol,carvedilol
cefaclor,cefaclor,cefaclor
cefadroxil,cefadroxil,cefadroxil
cefazolin sodium,cefazolin sodium,cefazolin sodium
cefazolin,"cefazolin sodium/dextrose,iso",cefazolin
cefazolin sodium,"cefazolin sodium/dextrose,iso",cefazolin sodium
cefdinir,cefdinir,cefdinir
acetylcysteine,acetylcysteine,acetylcysteine
cefditoren pivoxil,cefditoren pivoxil,cefditoren pivoxil
cefepime,"cefepime hcl/dextrose, iso-osm",cefepime
cefixime,cefixime,cefixime
cefotaxime sodium,cefotaxime sodium,cefotaxime sodium
acitretin,acitretin,acitretin
cefotetan,cefotetan disodium,cefotetan
cefoxitin,cefoxitin sodium,cefoxitin
cefoxitin sodium,"cefoxitin sodium/dextrose,iso",cefoxitin sodium
cefpodoxime proxetil,cefpodoxime proxetil,cefpodoxime proxetil
cefprozil,cefprozil,cefprozil
ceftazidime,ceftazidime,ceftazidime
ceftazidime,ceftazidime in dextrose5%water,ceftazidime
ceftibuten,ceftibuten,ceftibuten
ceftriaxone,"ceftriaxone na/dextrose,iso",ceftriaxone
ceftriaxone,ceftriaxone sodium,ceftriaxone
cefuroxime,cefuroxime axetil,cefuroxime
cefuroxime axetil,cefuroxime axetil,cefuroxime axetil
cefuroxime sodium,cefuroxime sodium,cefuroxime sodium
celecoxib,celecoxib,celecoxib
cephalexin,cephalexin,cephalexin
acyclovir,acyclovir,acyclovir
chloral hydrate,chloral hydrate,chloral hydrate
chlorhexidine gluconate,chlorhexidine gluconate,chlorhexidine gluconate
chloroquine phosphate,chloroquine phosphate,chloroquine phosphate
chlorothiazide,chlorothiazide,chlorothiazide
chlorothiazide sodium,chlorothiazide sodium,chlorothiazide sodium
acyclovir sodium,acyclovir sodium,acyclovir sodium
chlorpropamide,chlorpropamide,chlorpropamide
chlorthalidone,chlorthalidone,chlorthalidone
chlorzoxazone,chlorzoxazone,chlorzoxazone
adapalene,adapalene,adapalene
ciclopirox,ciclopirox,ciclopirox
ciclopirox,ciclopirox olamine,ciclopirox
ciclopirox,ciclopirox/ure/camph/menth/euc,ciclopirox
ciclopirox,ciclopirox/vite/nail lacq remo,ciclopirox
cidofovir,cidofovir,cidofovir
cilostazol,cilostazol,cilostazol
cimetidine,cimetidine,cimetidine
cimetidine,cimetidine hcl,cimetidine
ciprofloxacin,ciprofloxacin,ciprofloxacin
ciprofloxacin,ciprofloxacin lactate,ciprofloxacin
cisplatin,cisplatin,cisplatin
adefovir dipivoxil,adefovir dipivoxil,adefovir dipivoxil
citalopram,citalopram hydrobromide,citalopram
clarithromycin,clarithromycin,clarithromycin
clemastine fumarate,clemastine fumarate,clemastine fumarate
clindamycin phosphate,clindamycin phosphate,clindamycin phosphate
clobetasol propionate,clobetasol propionate,clobetasol propionate
clocortolone pivalate,clocortolone pivalate,clocortolone pivalate
clomiphene citrate,clomiphene citrate,clomiphene citrate
clonazepam,clonazepam,clonazepam
clonidine,clonidine,clonidine
clopidogrel,clopidogrel bisulfate,clopidogrel
clorazepate dipotassium,clorazepate dipotassium,clorazepate dipotassium
clotrimazole,clotrimazole,clotrimazole
clozapine,clozapine,clozapine
codeine sulfate,codeine sulfate,codeine sulfate
colchicine,colchicine,colchicine
cortisone,cortisone acetate,cortisone
cortisone acetate,cortisone acetate,cortisone acetate
cromolyn sodium,cromolyn sodium,cromolyn sodium
folic acid,cyanocobalamin/fa/pyridoxine,folic acid
cyclophosphamide,cyclophosphamide,cyclophosphamide
cycloserine,cycloserine,cycloserine
cyclosporine,cyclosporine,cyclosporine
cyclosporine,"cyclosporine, modified",cyclosporine
cytarabine,cytarabine,cytarabine
cytarabine,cytarabine/pf,cytarabine
dacarbazine,dacarbazine,dacarbazine
danazol,danazol,danazol
dantrolene sodium,dantrolene sodium,dantrolene sodium
albuterol sulfate,albuterol sulfate,albuterol sulfate
dapsone,dapsone,dapsone
decitabine,decitabine,decitabine
deferoxamine mesylate,deferoxamine mesylate,deferoxamine mesylate
desloratadine,desloratadine,desloratadine
desmopressin acetate,desmopressin (nonrefrigerated),desmopressin acetate
desmopressin acetate,desmopressin acetate,desmopressin acetate
desonide,desonide,desonide
desoximetasone,desoximetasone,desoximetasone
dexamethasone,dexamethasone,dexamethasone
dexamethasone sodium phosphate,dexamethasone sod phosphate,dexamethasone sodium phosphate
dexamethasone sodium phosphate,dexamethasone sodium phosp/pf,dexamethasone sodium phosphate
dexchlorpheniramine maleate,dexchlorpheniramine maleate,dexchlorpheniramine maleate
alclometasone dipropionate,alclometasone dipropionate,alclometasone dipropionate
dexrazoxane,dexrazoxane hcl,dexrazoxane
dextroamphetamine sulfate,dextroamphetamine sulfate,dextroamphetamine sulfate
glucose,dextrose,glucose
diazepam,diazepam,diazepam
diclofenac potassium,diclofenac potassium,diclofenac potassium
diclofenac sodium,diclofenac sodium,diclofenac sodium
dicloxacillin sodium,dicloxacillin sodium,dicloxacillin sodium
didanosine,didanosine,didanosine
diflorasone diacetate,diflorasone diacetate,diflorasone diacetate
diflunisal,diflunisal,diflunisal
dihydroergotamine mesylate,dihydroergotamine mesylate,dihydroergotamine mesylate
hydroquinone,dioxybenzone/pdo/hydroquinone,hydroquinone
dipyridamole,dipyridamole,dipyridamole
disopyramide phosphate,disopyramide phosphate,disopyramide phosphate
disulfiram,disulfiram,disulfiram
divalproex sodium,divalproex sodium,divalproex sodium
docetaxel,docetaxel,docetaxel
domperidone,domperidone,domperidone
doxazosin mesylate,doxazosin mesylate,doxazosin mesylate
doxercalciferol,doxercalciferol,doxercalciferol
abacavir,abacavir sulfate,abacavir
doxycycline hyclate,doxycycline hyclate,doxycycline hyclate
dronabinol,dronabinol,dronabinol
droperidol,droperidol,droperidol
dutasteride,dutasteride,dutasteride
econazole nitrate,econazole nitrate,econazole nitrate
alendronate sodium,alendronate sodium,alendronate sodium
enalapril maleate,enalapril maleate,enalapril maleate
enoxaparin sodium,enoxaparin sodium,enoxaparin sodium
entacapone,entacapone,entacapone
entecavir,entecavir,entecavir
ephedrine sulfate,ephedrine sulfate,ephedrine sulfate
epinephrine,epinephrine,epinephrine
epinephrine,epinephrine hcl/pf,epinephrine
eplerenone,eplerenone,eplerenone
eprosartan mesylate,eprosartan mesylate,eprosartan mesylate
ergoloid mesylates,ergoloid mesylates,ergoloid mesylates
erythromycin,erythromycin base,erythromycin
erythromycin,erythromycin base/ethanol,erythromycin
erythromycin ethylsuccinate,erythromycin ethylsuccinate,erythromycin ethylsuccinate
escitalopram oxalate,escitalopram oxalate,escitalopram oxalate
esomeprazole magnesium,esomeprazole magnesium,esomeprazole magnesium
esomeprazole sodium,esomeprazole sodium,esomeprazole sodium
esomeprazole strontium,esomeprazole strontium,esomeprazole strontium
estazolam,estazolam,estazolam
estradiol,estradiol,estradiol
estradiol valerate,estradiol valerate,estradiol valerate
estropipate,estropipate,estropipate
eszopiclone,eszopiclone,eszopiclone
ethosuximide,ethosuximide,ethosuximide
allopurinol,allopurinol,allopurinol
etidronate disodium,etidronate disodium,etidronate disodium
etodolac,etodolac,etodolac
etoposide,etoposide,etoposide
almotriptan malate,almotriptan malate,almotriptan malate
exemestane,exemestane,exemestane
nicotinamide,fa/niacinamide/cupric ox/zn ox,nicotinamide
famciclovir,famciclovir,famciclovir
famotidine,famotidine,famotidine
famotidine,"famotidine in nacl,iso-osm/pf",famotidine
famotidine,famotidine/pf,famotidine
felbamate,felbamate,felbamate
fenofibrate,fenofibrate,fenofibrate
fenofibrate,fenofibrate nanocrystallized,fenofibrate
fenofibrate,"fenofibrate,micronized",fenofibrate
fenoprofen calcium,fenoprofen calcium,fenoprofen calcium
fentanyl,fentanyl,fentanyl
fentanyl citrate,fentanyl citrate,fentanyl citrate
fentanyl citrate,fentanyl citrate/pf,fentanyl citrate
finasteride,finasteride,finasteride
flecainide acetate,flecainide acetate,flecainide acetate
fluconazole,fluconazole,fluconazole
flucytosine,flucytosine,flucytosine
fludarabine phosphate,fludarabine phosphate,fludarabine phosphate
fludrocortisone acetate,fludrocortisone acetate,fludrocortisone acetate
flumazenil,flumazenil,flumazenil
alprazolam,alprazolam,alprazolam
flunisolide,flunisolide,flunisolide
fluocinolone acetonide,fluocinolone acetonide,fluocinolone acetonide
fluocinolone acetonide,fluocinolone/shower cap,fluocinolone acetonide
fluocinonide,fluocinonide,fluocinonide
fluorometholone,fluorometholone,fluorometholone
fluorouracil,fluorouracil,fluorouracil
fluphenazine decanoate,fluphenazine decanoate,fluphenazine decanoate
flurbiprofen,flurbiprofen,flurbiprofen
flurbiprofen sodium,flurbiprofen sodium,flurbiprofen sodium
flutamide,flutamide,flutamide
fluticasone propionate,fluticasone propionate,fluticasone propionate
fluvastatin sodium,fluvastatin sodium,fluvastatin sodium
fluvoxamine maleate,fluvoxamine maleate,fluvoxamine maleate
folic acid,folic acid,folic acid
fondaparinux sodium,fondaparinux sodium,fondaparinux sodium
alprostadil,alprostadil,alprostadil
foscarnet sodium,foscarnet sodium,foscarnet sodium
fosinopril sodium,fosinopril sodium,fosinopril sodium
fosphenytoin sodium,fosphenytoin sodium,fosphenytoin sodium
furosemide,furosemide,furosemide
gabapentin,gabapentin,gabapentin
galantamine hydrobromide,galantamine hbr,galantamine hydrobromide
ganciclovir sodium,ganciclovir sodium,ganciclovir sodium
gatifloxacin,gatifloxacin,gatifloxacin
gemfibrozil,gemfibrozil,gemfibrozil
gentamicin sulfate,gentamicin sulfate,gentamicin sulfate
gentamicin sulfate,gentamicin sulfate/pf,gentamicin sulfate
glimepiride,glimepiride,glimepiride
glipizide,glipizide,glipizide
glyburide,glyburide,glyburide
glycopyrrolate,glycopyrrolate,glycopyrrolate
griseofulvin,"griseofulvin, microsize",griseofulvin
guaifenesin,guaifenesin,guaifenesin
amantadine,amantadine hcl,amantadine
halobetasol propionate,halobetasol propionate,halobetasol propionate
amcinonide,amcinonide,amcinonide
haloperidol,haloperidol,haloperidol
haloperidol decanoate,haloperidol decanoate,haloperidol decanoate
haloperidol,haloperidol lactate,haloperidol
haloperidol lactate,haloperidol lactate,haloperidol lactate
hydrocortisone,"hc/mineral oil/petrolat,wht",hydrocortisone
amifostine,amifostine crystalline,amifostine
heparin sodium,"heparin sodium,porcine",heparin sodium
heparin sodium,"heparin sodium,porcine/pf",heparin sodium
amikacin sulfate,amikacin sulfate,amikacin sulfate
homatropine,homatropine hbr,homatropine
homatropine hydrobromide,homatropine hbr,homatropine hydrobromide
hydrochlorothiazide,hydrochlorothiazide,hydrochlorothiazide
hydrocortisone,hydrocortisone,hydrocortisone
hydrocortisone acetate,hydrocortisone acetate,hydrocortisone acetate
hydrocortisone acetate,hydrocortisone acetate/aloe v,hydrocortisone acetate
hydrocortisone butyrate,hydrocortisone butyrate,hydrocortisone butyrate
hydrocortisone butyrate,hydrocortisone butyrate/emoll,hydrocortisone butyrate
hydrocortisone valerate,hydrocortisone valerate,hydrocortisone valerate
hydroquinone,hydroquinone,hydroquinone
hydroquinone,hydroquinone microspheres,hydroquinone
hydroxocobalamin,hydroxocobalamin,hydroxocobalamin
hydroxychloroquine sulfate,hydroxychloroquine sulfate,hydroxychloroquine sulfate
hydroxyurea,hydroxyurea,hydroxyurea
hydroxyzine pamoate,hydroxyzine pamoate,hydroxyzine pamoate
hyoscyamine sulfate,hyoscyamine sulfate,hyoscyamine sulfate
aminocaproic acid,aminocaproic acid,aminocaproic acid
ibandronate sodium,ibandronate sodium,ibandronate sodium
ibuprofen,ibuprofen,ibuprofen
ifosfamide,ifosfamide,ifosfamide
aminophylline,aminophylline,aminophylline
imipramine pamoate,imipramine pamoate,imipramine pamoate
imiquimod,imiquimod,imiquimod
indapamide,indapamide,indapamide
indomethacin,indomethacin,indomethacin
ipratropium bromide,ipratropium bromide,ipratropium bromide
zytiga,abiraterone acetate,abiraterone acetate
avapro,irbesartan,irbesartan
norvasc,amlodipine besylate,amlodipine besylate
marplan,isocarboxazid,isocarboxazid
dilatrate-sr,isosorbide dinitrate,isosorbide dinitrate
isordil,isosorbide dinitrate,isosorbide dinitrate
isordil titradose,isosorbide dinitrate,isosorbide dinitrate
imdur,isosorbide mononitrate,isosorbide mononitrate
isosorbide mononitrate er,isosorbide mononitrate,isosorbide mononitrate
monoket,isosorbide mononitrate,isosorbide mononitrate
absorica,isotretinoin,isotretinoin
amnesteem,isotretinoin,isotretinoin
claravis,isotretinoin,isotretinoin
myorisan,isotretinoin,isotretinoin
zenatane,isotretinoin,isotretinoin
dynacirc cr,isradipine,isradipine
onmel,itraconazole,itraconazole
sporanox,itraconazole,itraconazole
kalydeco,ivacaftor,ivacaftor
sklice,ivermectin,ivermectin
soolantra,ivermectin,ivermectin
stromectol,ivermectin,ivermectin
ixempra,ixabepilone,ixabepilone
ninlaro,ixazomib citrate,ixazomib citrate
extina,ketoconazole,ketoconazole
ketodan,ketoconazole,ketoconazole
nizoral,ketoconazole,ketoconazole
xolegel,ketoconazole,ketoconazole
acular,ketorolac tromethamine,ketorolac tromethamine
acular ls,ketorolac tromethamine,ketorolac tromethamine
sprix,ketorolac tromethamine,ketorolac tromethamine
vimpat,lacosamide,lacosamide
constulose,lactulose,lactulose
enulose,lactulose,lactulose
generlac,lactulose,lactulose
kristalose,lactulose,lactulose
epivir,lamivudine,lamivudine
epivir hbv,lamivudine,lamivudine
lamivudine hbv,lamivudine,lamivudine
lamictal,lamotrigine,lamotrigine
lamictal (blue),lamotrigine,lamotrigine
lamictal (green),lamotrigine,lamotrigine
lamictal (orange),lamotrigine,lamotrigine
lamictal odt,lamotrigine,lamotrigine
lamictal odt (blue),lamotrigine,lamotrigine
lamictal odt (green),lamotrigine,lamotrigine
lamictal odt (orange),lamotrigine,lamotrigine
lamictal xr,lamotrigine,lamotrigine
lamictal xr (blue),lamotrigine,lamotrigine
lamictal xr (green),lamotrigine,lamotrigine
lamictal xr (orange),lamotrigine,lamotrigine
lamotrigine er,lamotrigine,lamotrigine
lamotrigine odt,lamotrigine,lamotrigine
somatuline depot,lanreotide acetate,lanreotide acetate
prevacid,lansoprazole,lansoprazole
fosrenol,lanthanum carbonate,lanthanum carbonate
tykerb,lapatinib ditosylate,lapatinib ditosylate
aldurazyme,laronidase,laronidase
xalatan,latanoprost,latanoprost
arava,leflunomide,leflunomide
revlimid,lenalidomide,lenalidomide
lenvima,lenvatinib mesylate,lenvatinib mesylate
amoxil,amoxicillin,amoxicillin
femara,letrozole,letrozole
eligard,leuprolide acetate,leuprolide acetate
lupron depot,leuprolide acetate,leuprolide acetate
lupron depot-ped,leuprolide acetate,leuprolide acetate
moxatag,amoxicillin,amoxicillin
keppra,levetiracetam,levetiracetam
keppra xr,levetiracetam,levetiracetam
levetiracetam er,levetiracetam,levetiracetam
carnitor,levocarnitine,levocarnitine
carnitor sf,levocarnitine,levocarnitine
iquix,levofloxacin,levofloxacin
levaquin,levofloxacin,levofloxacin
quixin,levofloxacin,levofloxacin
fusilev,levoleucovorin calcium,levoleucovorin calcium
mirena,levonorgestrel,levonorgestrel
my way,levonorgestrel,levonorgestrel
next choice,levonorgestrel,levonorgestrel
next choice one dose,levonorgestrel,levonorgestrel
plan b one-step,levonorgestrel,levonorgestrel
skyla,levonorgestrel,levonorgestrel
evekeo,amphetamine sulfate,amphetamine sulfate
levothroid,levothyroxine sodium,levothyroxine sodium
levoxyl,levothyroxine sodium,levothyroxine sodium
synthroid,levothyroxine sodium,levothyroxine sodium
tirosint,levothyroxine sodium,levothyroxine sodium
unithroid,levothyroxine sodium,levothyroxine sodium
lidoderm,lidocaine,lidocaine
linzess,linaclotide,linaclotide
tradjenta,linagliptin,linagliptin
zyvox,linezolid,linezolid
cytomel,liothyronine sodium,liothyronine sodium
saxenda,liraglutide,liraglutide
victoza 2-pak,liraglutide,liraglutide
victoza 3-pak,liraglutide,liraglutide
vyvanse,lisdexamfetamine dimesylate,lisdexamfetamine dimesylate
prinivil,lisinopril,lisinopril
zestril,lisinopril,lisinopril
campral,acamprosate calcium,acamprosate calcium
lithium carbonate er,lithium carbonate,lithium carbonate
lithobid,lithium carbonate,lithium carbonate
alomide,lodoxamide tromethamine,lodoxamide tromethamine
juxtapid,lomitapide mesylate,lomitapide mesylate
ceenu,lomustine,lomustine
gleostine,lomustine,lomustine
ativan,lorazepam,lorazepam
lorazepam intensol,lorazepam,lorazepam
cozaar,losartan potassium,losartan potassium
alrex,loteprednol etabonate,loteprednol etabonate
lotemax,loteprednol etabonate,loteprednol etabonate
altoprev,lovastatin,lovastatin
mevacor,lovastatin,lovastatin
loxitane,loxapine succinate,loxapine succinate
amitiza,lubiprostone,lubiprostone
luzu,luliconazole,luliconazole
opsumit,macitentan,macitentan
sulfamylon,mafenide acetate,mafenide acetate
kineret,anakinra,anakinra
ovide,malathion,malathion
selzentry,maraviroc,maraviroc
arimidex,anastrozole,anastrozole
depo-provera,medroxyprogesterone acetate,medroxyprogesterone acetate
depo-subq provera 104,medroxyprogesterone acetate,medroxyprogesterone acetate
provera,medroxyprogesterone acetate,medroxyprogesterone acetate
eraxis (water diluent),anidulafungin,anidulafungin
ponstel,mefenamic acid,mefenamic acid
megace,megestrol acetate,megestrol acetate
megace es,megestrol acetate,megestrol acetate
mobic,meloxicam,meloxicam
alkeran,melphalan,melphalan
dritho-scalp,anthralin,anthralin
cantil,mepenzolate bromide,mepenzolate bromide
drithocreme hp,anthralin,anthralin
mebaral,mephobarbital,mephobarbital
purinethol,mercaptopurine,mercaptopurine
merrem,meropenem,meropenem
zithranol-rr,anthralin,anthralin
apriso,mesalamine,mesalamine
asacol,mesalamine,mesalamine
asacol hd,mesalamine,mesalamine
canasa,mesalamine,mesalamine
delzicol,mesalamine,mesalamine
lialda,mesalamine,mesalamine
pentasa,mesalamine,mesalamine
sfrowasa,mesalamine,mesalamine
mesnex,mesna,mesna
neptazane,methazolamide,methazolamide
hiprex,methenamine hippurate,methenamine hippurate
tapazole,methimazole,methimazole
robaxin,methocarbamol,methocarbamol
robaxin-750,methocarbamol,methocarbamol
rheumatrex,methotrexate sodium,methotrexate sodium
trexall,methotrexate sodium,methotrexate sodium
8-mop,methoxsalen,methoxsalen
oxsoralen,methoxsalen,methoxsalen
celontin,methsuximide,methsuximide
methergine,methylergonovine maleate,methylergonovine maleate
relistor,methylnaltrexone bromide,methylnaltrexone bromide
daytrana,methylphenidate,methylphenidate
medrol,methylprednisolone,methylprednisolone
meprolone unipak,methylprednisolone,methylprednisolone
depo-medrol,methylprednisolone acetate,methylprednisolone acetate
android,methyltestosterone,methyltestosterone
methitest,methyltestosterone,methyltestosterone
precose,acarbose,acarbose
eliquis,apixaban,apixaban
testred,methyltestosterone,methyltestosterone
optipranolol,metipranolol,metipranolol
zaroxolyn,metolazone,metolazone
toprol xl,metoprolol succinate,metoprolol succinate
lopressor,metoprolol tartrate,metoprolol tartrate
myalept,metreleptin,metreleptin
flagyl,metronidazole,metronidazole
flagyl er,metronidazole,metronidazole
metrocream,metronidazole,metronidazole
metrogel,metronidazole,metronidazole
metrogel-vaginal,metronidazole,metronidazole
metrolotion,metronidazole,metronidazole
noritate,metronidazole,metronidazole
nuvessa,metronidazole,metronidazole
rosadan,metronidazole,metronidazole
vandazole,metronidazole,metronidazole
vitazol,metronidazole,metronidazole
demser,metyrosine,metyrosine
mycamine,micafungin sodium,micafungin sodium
oravig,miconazole,miconazole
otezla,apremilast,apremilast
miconazole 3,miconazole nitrate,miconazole nitrate
korlym,mifepristone,mifepristone
glyset,miglitol,miglitol
zavesca,miglustat,miglustat
emend,aprepitant,aprepitant
kynamro,mipomersen sodium,mipomersen sodium
myrbetriq,mirabegron,mirabegron
remeron,mirtazapine,mirtazapine
cytotec,misoprostol,misoprostol
lysodren,mitotane,mitotane
provigil,modafinil,modafinil
abilify,aripiprazole,aripiprazole
asmanex,mometasone furoate,mometasone furoate
asmanex hfa,mometasone furoate,mometasone furoate
elocon,mometasone furoate,mometasone furoate
nasonex,mometasone furoate,mometasone furoate
abilify discmelt,aripiprazole,aripiprazole
singulair,montelukast sodium,montelukast sodium
avinza,morphine sulfate,morphine sulfate
kadian,morphine sulfate,morphine sulfate
morphine sulfate er,morphine sulfate,morphine sulfate
ms contin,morphine sulfate,morphine sulfate
oramorph sr,morphine sulfate,morphine sulfate
roxanol,morphine sulfate,morphine sulfate
abilify maintena,aripiprazole,aripiprazole
aripiprazole odt,aripiprazole,aripiprazole
aristada,aripiprazole lauroxil,aripiprazole lauroxil
bactroban,mupirocin,mupirocin
nuvigil,armodafinil,armodafinil
centany,mupirocin,mupirocin
centany at,mupirocin,mupirocin
bactroban,mupirocin calcium,mupirocin calcium
bactroban nasal,mupirocin calcium,mupirocin calcium
trisenox,arsenic trioxide,arsenic trioxide
cellcept,mycophenolate mofetil,mycophenolate mofetil
myfortic,mycophenolate sodium,mycophenolate sodium
cesamet,nabilone,nabilone
corgard,nadolol,nadolol
synarel,nafarelin acetate,nafarelin acetate
movantik,naloxegol oxalate,naloxegol oxalate
saphris,asenapine maleate,asenapine maleate
ec-naprosyn,naproxen,naproxen
naprosyn,naproxen,naproxen
anaprox,naproxen sodium,naproxen sodium
strensiq,asfotase alfa,asfotase alfa
anaprox ds,naproxen sodium,naproxen sodium
naprelan,naproxen sodium,naproxen sodium
naprelan cr dose card,naproxen sodium,naproxen sodium
naproxen sodium cr,naproxen sodium,naproxen sodium
naproxen sodium er,naproxen sodium,naproxen sodium
tysabri,natalizumab,natalizumab
natacyn,natamycin,natamycin
starlix,nateglinide,nateglinide
alocril,nedocromil sodium,nedocromil sodium
viracept,nelfinavir mesylate,nelfinavir mesylate
reyataz,atazanavir sulfate,atazanavir sulfate
prostigmin,neostigmine bromide,neostigmine bromide
ilevro,nepafenac,nepafenac
nevanac,nepafenac,nepafenac
nevirapine er,nevirapine,nevirapine
viramune,nevirapine,nevirapine
viramune xr,nevirapine,nevirapine
niacin er,niacin,niacin
niacor,niacin,niacin
niaspan,niacin,niacin
tenormin,atenolol,atenolol
nicotine patch,nicotine,nicotine
nicotrol,nicotine,nicotine
nicotrol ns,nicotine,nicotine
adalat cc,nifedipine,nifedipine
afeditab cr,nifedipine,nifedipine
nifediac cc,nifedipine,nifedipine
nifedical xl,nifedipine,nifedipine
nifedipine er,nifedipine,nifedipine
nifedipine xl,nifedipine,nifedipine
procardia,nifedipine,nifedipine
procardia xl,nifedipine,nifedipine
nilandron,nilutamide,nilutamide
ofev,nintedanib esylate,nintedanib esylate
sular,nisoldipine,nisoldipine
alinia,nitazoxanide,nitazoxanide
furadantin,nitrofurantoin,nitrofurantoin
minitran,nitroglycerin,nitroglycerin
nitro-bid,nitroglycerin,nitroglycerin
nitro-dur,nitroglycerin,nitroglycerin
nitroglycerin patch,nitroglycerin,nitroglycerin
nitrolingual,nitroglycerin,nitroglycerin
nitromist,nitroglycerin,nitroglycerin
nitroquick,nitroglycerin,nitroglycerin
nitrostat,nitroglycerin,nitroglycerin
rectiv,nitroglycerin,nitroglycerin
opdivo,nivolumab,nivolumab
axid,nizatidine,nizatidine
camila,norethindrone,norethindrone
deblitane,norethindrone,norethindrone
errin,norethindrone,norethindrone
heather,norethindrone,norethindrone
jencycla,norethindrone,norethindrone
jolivette,norethindrone,norethindrone
micronor,norethindrone,norethindrone
nor-q-d,norethindrone,norethindrone
nora-be,norethindrone,norethindrone
lipitor,atorvastatin calcium,atorvastatin calcium
norlyroc,norethindrone,norethindrone
ortho micronor,norethindrone,norethindrone
sharobel,norethindrone,norethindrone
mepron,atovaquone,atovaquone
aygestin,norethindrone acetate,norethindrone acetate
noroxin,norfloxacin,norfloxacin
atropine care,atropine sulfate,atropine sulfate
nyamyc,nystatin,nystatin
nystop,nystatin,nystatin
isopto atropine,atropine sulfate,atropine sulfate
pedi-dri,nystatin,nystatin
gazyva,obinutuzumab,obinutuzumab
sandostatin,octreotide acetate,octreotide acetate
arzerra,ofatumumab,ofatumumab
floxin,ofloxacin,ofloxacin
sal-tropine,atropine sulfate,atropine sulfate
ocuflox,ofloxacin,ofloxacin
olanzapine odt,olanzapine,olanzapine
zyprexa,olanzapine,olanzapine
zyprexa zydis,olanzapine,olanzapine
zyprexa relprevv,olanzapine pamoate,olanzapine pamoate
lynparza,olaparib,olaparib
benicar,olmesartan medoxomil,olmesartan medoxomil
dipentum,olsalazine sodium,olsalazine sodium
ridaura,auranofin,auranofin
synribo,omacetaxine mepesuccinate,omacetaxine mepesuccinate
xolair,omalizumab,omalizumab
stendra,avanafil,avanafil
prilosec,omeprazole,omeprazole
prilosec,omeprazole magnesium,omeprazole magnesium
inlyta,axitinib,axitinib
ondansetron odt,ondansetron,ondansetron
zofran odt,ondansetron,ondansetron
zuplenz,ondansetron,ondansetron
neumega,oprelvekin,oprelvekin
xenical,orlistat,orlistat
norflex,orphenadrine citrate,orphenadrine citrate
tamiflu,oseltamivir phosphate,oseltamivir phosphate
tagrisso,osimertinib mesylate,osimertinib mesylate
osphena,ospemifene,ospemifene
vidaza,azacitidine,azacitidine
eloxatin,oxaliplatin,oxaliplatin
oxandrin,oxandrolone,oxandrolone
daypro,oxaprozin,oxaprozin
azasan,azathioprine,azathioprine
oxtellar xr,oxcarbazepine,oxcarbazepine
trileptal,oxcarbazepine,oxcarbazepine
oxistat,oxiconazole nitrate,oxiconazole nitrate
gelnique,oxybutynin,oxybutynin
oxytrol,oxybutynin,oxybutynin
ditropan xl,oxybutynin chloride,oxybutynin chloride
gelnique,oxybutynin chloride,oxybutynin chloride
oxybutynin chloride er,oxybutynin chloride,oxybutynin chloride
imuran,azathioprine,azathioprine
azelex,azelaic acid,azelaic acid
anadrol-50,oxymetholone,oxymetholone
pitocin,oxytocin,oxytocin
finacea,azelaic acid,azelaic acid
onxol,paclitaxel,paclitaxel
ibrance,palbociclib,palbociclib
invega,paliperidone,paliperidone
paliperidone er,paliperidone,paliperidone
invega sustenna,paliperidone palmitate,paliperidone palmitate
invega trinza,paliperidone palmitate,paliperidone palmitate
synagis,palivizumab,palivizumab
vectibix,panitumumab,panitumumab
farydak,panobinostat lactate,panobinostat lactate
protonix,pantoprazole sodium,pantoprazole sodium
protonix iv,pantoprazole sodium,pantoprazole sodium
natpara,parathyroid hormone,parathyroid hormone
zemplar,paricalcitol,paricalcitol
brisdelle,paroxetine mesylate,paroxetine mesylate
pexeva,paroxetine mesylate,paroxetine mesylate
signifor,pasireotide diaspartate,pasireotide diaspartate
signifor lar,pasireotide pamoate,pasireotide pamoate
adagen,pegademase bovine,pegademase bovine
neulasta,pegfilgrastim,pegfilgrastim
pegasys,peginterferon alfa-2a,peginterferon alfa-2a
pegasys proclick,peginterferon alfa-2a,peginterferon alfa-2a
pegintron,peginterferon alfa-2b,peginterferon alfa-2b
pegintron redipen,peginterferon alfa-2b,peginterferon alfa-2b
sylatron,peginterferon alfa-2b,peginterferon alfa-2b
sylatron 4-pack,peginterferon alfa-2b,peginterferon alfa-2b
plegridy,peginterferon beta-1a,peginterferon beta-1a
plegridy pen,peginterferon beta-1a,peginterferon beta-1a
krystexxa,pegloticase,pegloticase
somavert,pegvisomant,pegvisomant
keytruda,pembrolizumab,pembrolizumab
alimta,pemetrexed disodium,pemetrexed disodium
edarbi,azilsartan medoxomil,azilsartan medoxomil
azasite,azithromycin,azithromycin
zithromax,azithromycin,azithromycin
levatol,penbutolol sulfate,penbutolol sulfate
denavir,penciclovir,penciclovir
zithromax tri-pak,azithromycin,azithromycin
cuprimine,penicillamine,penicillamine
depen,penicillamine,penicillamine
bicillin l-a,penicillin g benzathine,penicillin g benzathine
pfizerpen,penicillin g potassium,penicillin g potassium
nebupent,pentamidine isethionate,pentamidine isethionate
pentam 300,pentamidine isethionate,pentamidine isethionate
zmax,azithromycin,azithromycin
talwin,pentazocine lactate,pentazocine lactate
elmiron,pentosan polysulfate sodium,pentosan polysulfate sodium
nipent,pentostatin,pentostatin
pentopak,pentoxifylline,pentoxifylline
pentoxil,pentoxifylline,pentoxifylline
trental,pentoxifylline,pentoxifylline
fycompa,perampanel,perampanel
aceon,perindopril erbumine,perindopril erbumine
acticin,permethrin,permethrin
elimite,permethrin,permethrin
azactam,aztreonam,aztreonam
perjeta,pertuzumab,pertuzumab
nardil,phenelzine sulfate,phenelzine sulfate
cayston,aztreonam lysine,aztreonam lysine
dilantin,phenytoin,phenytoin
dilantin-125,phenytoin,phenytoin
mephyton,phytonadione,phytonadione
vitamin k1,phytonadione,phytonadione
elidel,pimecrolimus,pimecrolimus
orap,pimozide,pimozide
maxair autohaler,pirbuterol acetate,pirbuterol acetate
esbriet,pirfenidone,pirfenidone
feldene,piroxicam,piroxicam
livalo,pitavastatin calcium,pitavastatin calcium
mozobil,plerixafor,plerixafor
baciim,bacitracin,bacitracin
gablofen,baclofen,baclofen
condylox,podofilox,podofilox
lioresal intrathecal,baclofen,baclofen
pomalyst,pomalidomide,pomalidomide
noxafil,posaconazole,posaconazole
epiklor,potassium chloride,potassium chloride
k-sol,potassium chloride,potassium chloride
k-tab er,potassium chloride,potassium chloride
kaon-cl 10,potassium chloride,potassium chloride
klor-con,potassium chloride,potassium chloride
klor-con 10,potassium chloride,potassium chloride
klor-con 8,potassium chloride,potassium chloride
klor-con m10,potassium chloride,potassium chloride
klor-con m15,potassium chloride,potassium chloride
klor-con m20,potassium chloride,potassium chloride
klor-con sprinkle,potassium chloride,potassium chloride
micro-k,potassium chloride,potassium chloride
potassium citrate er,potassium citrate,potassium citrate
urocit-k,potassium citrate,potassium citrate
sski,potassium iodide,potassium iodide
betadine,povidone-iodine,povidone-iodine
folotyn,pralatrexate,pralatrexate
symlin,pramlintide acetate,pramlintide acetate
symlinpen 120,pramlintide acetate,pramlintide acetate
symlinpen 60,pramlintide acetate,pramlintide acetate
pravachol,pravastatin sodium,pravastatin sodium
biltricide,praziquantel,praziquantel
dermatop,prednicarbate,prednicarbate
millipred,prednisolone,prednisolone
millipred dp,prednisolone,prednisolone
prelone,prednisolone,prednisolone
colazal,balsalazide disodium,balsalazide disodium
omnipred,prednisolone acetate,prednisolone acetate
pred forte,prednisolone acetate,prednisolone acetate
pred mild,prednisolone acetate,prednisolone acetate
giazo,balsalazide disodium,balsalazide disodium
deltasone,prednisone,prednisone
prednisone intensol,prednisone,prednisone
rayos,prednisone,prednisone
lyrica,pregabalin,pregabalin
regranex,becaplermin,becaplermin
beconase aq,beclomethasone dipropionate,beclomethasone dipropionate
qnasl,beclomethasone dipropionate,beclomethasone dipropionate
qnasl children,beclomethasone dipropionate,beclomethasone dipropionate
mysoline,primidone,primidone
qvar,beclomethasone dipropionate,beclomethasone dipropionate
compazine,prochlorperazine,prochlorperazine
compro,prochlorperazine,prochlorperazine
compazine,prochlorperazine maleate,prochlorperazine maleate
sirturo,bedaquiline fumarate,bedaquiline fumarate
progesterone in oil,progesterone,progesterone
nulojix,belatacept,belatacept
benlysta,belimumab,belimumab
mestinon,pyridostigmine bromide,pyridostigmine bromide
pyridostigmine bromide er,pyridostigmine bromide,pyridostigmine bromide
regonol,pyridostigmine bromide,pyridostigmine bromide
daraprim,pyrimethamine,pyrimethamine
doral,quazepam,quazepam
seroquel,quetiapine fumarate,quetiapine fumarate
seroquel xr,quetiapine fumarate,quetiapine fumarate
qualaquin,quinine sulfate,quinine sulfate
synercid,quinupristin/dalfopristin,quinupristin/dalfopristin
aciphex,rabeprazole sodium,rabeprazole sodium
aciphex sprinkle,rabeprazole sodium,rabeprazole sodium
isentress,raltegravir potassium,raltegravir potassium
rozerem,ramelteon,ramelteon
altace,ramipril,ramipril
cyramza,ramucirumab,ramucirumab
lucentis,ranibizumab,ranibizumab
ranexa,ranolazine,ranolazine
azilect,rasagiline mesylate,rasagiline mesylate
stivarga,regorafenib,regorafenib
prandin,repaglinide,repaglinide
benzotic,benzocaine,benzocaine
altabax,retapamulin,retapamulin
copegus,ribavirin,ribavirin
moderiba,ribavirin,ribavirin
rebetol,ribavirin,ribavirin
ribapak,ribavirin,ribavirin
pinnacaine,benzocaine,benzocaine
ribasphere,ribavirin,ribavirin
ribasphere ribapak,ribavirin,ribavirin
mycobutin,rifabutin,rifabutin
rifadin,rifampin,rifampin
priftin,rifapentine,rifapentine
xifaxan,rifaximin,rifaximin
arcalyst,rilonacept,rilonacept
rilutek,riluzole,riluzole
vexol,rimexolone,rimexolone
adempas,riociguat,riociguat
actonel,risedronate sodium,risedronate sodium
atelvia,risedronate sodium,risedronate sodium
risedronate sodium dr,risedronate sodium,risedronate sodium
risperdal,risperidone,risperidone
risperdal m-tab,risperidone,risperidone
risperidone odt,risperidone,risperidone
norvir,ritonavir,ritonavir
rituxan,rituximab,rituximab
xarelto,rivaroxaban,rivaroxaban
exelon,rivastigmine,rivastigmine
exelon,rivastigmine tartrate,rivastigmine tartrate
maxalt,rizatriptan benzoate,rizatriptan benzoate
maxalt mlt,rizatriptan benzoate,rizatriptan benzoate
daliresp,roflumilast,roflumilast
varubi,rolapitant hydrochloride,rolapitant hydrochloride
istodax,romidepsin,romidepsin
nplate,romiplostim,romiplostim
tessalon perle,benzonatate,benzonatate
avandia,rosiglitazone maleate,rosiglitazone maleate
crestor,rosuvastatin calcium,rosuvastatin calcium
neupro,rotigotine,rotigotine
banzel,rufinamide,rufinamide
zonatuss,benzonatate,benzonatate
jakafi,ruxolitinib phosphate,ruxolitinib phosphate
sucraid,sacrosidase,sacrosidase
aliclen,salicylic acid,salicylic acid
benzefoam,benzoyl peroxide,benzoyl peroxide
bensal hp,salicylic acid,salicylic acid
durasal,salicylic acid,salicylic acid
keralyt,salicylic acid,salicylic acid
keralyt scalp,salicylic acid,salicylic acid
sa 6%,salicylic acid,salicylic acid
salacyn,salicylic acid,salicylic acid
salex,salicylic acid,salicylic acid
salitop,salicylic acid,salicylic acid
salvax,salicylic acid,salicylic acid
benzefoam ultra,benzoyl peroxide,benzoyl peroxide
virasal,salicylic acid,salicylic acid
serevent diskus,salmeterol xinafoate,salmeterol xinafoate
disalcid,salsalate,salsalate
benzepro,benzoyl peroxide,benzoyl peroxide
kuvan,sapropterin dihydrochloride,sapropterin dihydrochloride
invirase,saquinavir mesylate,saquinavir mesylate
leukine,sargramostim,sargramostim
transderm-scop,scopolamine,scopolamine
isopto hyoscine,scopolamine hydrobromide,scopolamine hydrobromide
scopace,scopolamine hydrobromide,scopolamine hydrobromide
seconal sodium,secobarbital sodium,secobarbital sodium
cosentyx (2 syringes),secukinumab,secukinumab
cosentyx pen,secukinumab,secukinumab
cosentyx pen (2 pens),secukinumab,secukinumab
cosentyx syringe,secukinumab,secukinumab
emsam,selegiline,selegiline
selenos,selenium sulfide,selenium sulfide
bp wash,benzoyl peroxide,benzoyl peroxide
tersi foam,selenium sulfide,selenium sulfide
ertaczo,sertaconazole nitrate,sertaconazole nitrate
renvela,sevelamer carbonate,sevelamer carbonate
revatio,sildenafil citrate,sildenafil citrate
viagra,sildenafil citrate,sildenafil citrate
bpo,benzoyl peroxide,benzoyl peroxide
rapaflo,silodosin,silodosin
sylvant,siltuximab,siltuximab
silvadene,silver sulfadiazine,silver sulfadiazine
ssd,silver sulfadiazine,silver sulfadiazine
ssd af,silver sulfadiazine,silver sulfadiazine
thermazene,silver sulfadiazine,silver sulfadiazine
olysio,simeprevir sodium,simeprevir sodium
clinac bpo,benzoyl peroxide,benzoyl peroxide
zocor,simvastatin,simvastatin
veregen,sinecatechins,sinecatechins
rapamune,sirolimus,sirolimus
januvia,sitagliptin phosphate,sitagliptin phosphate
desquam-x,benzoyl peroxide,benzoyl peroxide
neut,sodium bicarbonate,sodium bicarbonate
lavoclen-4,benzoyl peroxide,benzoyl peroxide
lavoclen-8,benzoyl peroxide,benzoyl peroxide
clinpro 5000,sodium fluoride,sodium fluoride
control rx,sodium fluoride,sodium fluoride
denta 5000 plus,sodium fluoride,sodium fluoride
dentagel,sodium fluoride,sodium fluoride
epiflur,sodium fluoride,sodium fluoride
ethedent,sodium fluoride,sodium fluoride
fluor-a-day,sodium fluoride,sodium fluoride
fluoride,sodium fluoride,sodium fluoride
oscion,benzoyl peroxide,benzoyl peroxide
fluoridex daily defense,sodium fluoride,sodium fluoride
fluoridex defense whitening,sodium fluoride,sodium fluoride
fluoritab,sodium fluoride,sodium fluoride
lozi-flur,sodium fluoride,sodium fluoride
ludent fluoride,sodium fluoride,sodium fluoride
phos-flur,sodium fluoride,sodium fluoride
prevident,sodium fluoride,sodium fluoride
prevident 5000,sodium fluoride,sodium fluoride
prevident 5000 plus,sodium fluoride,sodium fluoride
renaf,sodium fluoride,sodium fluoride
triaz,benzoyl peroxide,benzoyl peroxide
sf,sodium fluoride,sodium fluoride
sf 5000 plus,sodium fluoride,sodium fluoride
glycophos,sodium glycerophosphate,sodium glycerophosphate
xyrem,sodium oxybate,sodium oxybate
buphenyl,sodium phenylbutyrate,sodium phenylbutyrate
kayexalate,sodium polystyrene sulfonate,sodium polystyrene sulfonate
kionex,sodium polystyrene sulfonate,sodium polystyrene sulfonate
sps,sodium polystyrene sulfonate,sodium polystyrene sulfonate
sovaldi,sofosbuvir,sofosbuvir
vesicare,solifenacin succinate,solifenacin succinate
genotropin,somatropin,somatropin
humatrope,somatropin,somatropin
norditropin,somatropin,somatropin
norditropin flexpro,somatropin,somatropin
norditropin nordiflex,somatropin,somatropin
nutropin,somatropin,somatropin
nutropin aq,somatropin,somatropin
nutropin aq nuspin,somatropin,somatropin
omnitrope,somatropin,somatropin
saizen,somatropin,somatropin
serostim,somatropin,somatropin
tev-tropin,somatropin,somatropin
zomacton,somatropin,somatropin
zorbtive,somatropin,somatropin
odomzo,sonidegib phosphate,sonidegib phosphate
nexavar,sorafenib tosylate,sorafenib tosylate
aldactone,spironolactone,spironolactone
gel-kam,stannous fluoride,stannous fluoride
periomed,stannous fluoride,stannous fluoride
zerit,stavudine,stavudine
zanosar,streptozocin,streptozocin
carafate,sucralfate,sucralfate
velphoro,sucroferric oxyhydroxide,sucroferric oxyhydroxide
sufenta,sufentanil citrate,sufentanil citrate
exelderm,sulconazole nitrate,sulconazole nitrate
10 wash,sulfacetamide sodium,sulfacetamide sodium
bleph-10,sulfacetamide sodium,sulfacetamide sodium
klaron,sulfacetamide sodium,sulfacetamide sodium
ovace plus,sulfacetamide sodium,sulfacetamide sodium
seb-prev,sulfacetamide sodium,sulfacetamide sodium
sodium sulfacetamide,sulfacetamide sodium,sulfacetamide sodium
sulfamide,sulfacetamide sodium,sulfacetamide sodium
cogentin,benztropine mesylate,benztropine mesylate
ulesfia,benzyl alcohol,benzyl alcohol
avc,sulfanilamide,sulfanilamide
azulfidine,sulfasalazine,sulfasalazine
sulfasalazine dr,sulfasalazine,sulfasalazine
clinoril,sulindac,sulindac
imitrex,sumatriptan,sumatriptan
alsuma,sumatriptan succinate,sumatriptan succinate
imitrex,sumatriptan succinate,sumatriptan succinate
sumavel dosepro,sumatriptan succinate,sumatriptan succinate
sutent,sunitinib malate,sunitinib malate
cystadane,betaine,betaine
celestone,betamethasone,betamethasone
beta-val,betamethasone valerate,betamethasone valerate
luxiq,betamethasone valerate,betamethasone valerate
astagraf xl,tacrolimus,tacrolimus
hecoria,tacrolimus,tacrolimus
prograf,tacrolimus,tacrolimus
protopic,tacrolimus,tacrolimus
adcirca,tadalafil,tadalafil
cialis,tadalafil,tadalafil
elelyso,taliglucerase alfa,taliglucerase alfa
soltamox,tamoxifen citrate,tamoxifen citrate
hetlioz,tasimelteon,tasimelteon
avage,tazarotene,tazarotene
fabior,tazarotene,tazarotene
tazorac,tazarotene,tazarotene
sivextro,tedizolid phosphate,tedizolid phosphate
gattex,teduglutide,teduglutide
incivek,telaprevir,telaprevir
tyzeka,telbivudine,telbivudine
ketek,telithromycin,telithromycin
urecholine,bethanechol chloride,bethanechol chloride
micardis,telmisartan,telmisartan
restoril,temazepam,temazepam
temodar,temozolomide,temozolomide
torisel,temsirolimus,temsirolimus
avastin,bevacizumab,bevacizumab
viread,tenofovir disoproxil fumarate,tenofovir disoproxil fumarate
terazol 3,terconazole,terconazole
terazol 7,terconazole,terconazole
zazole,terconazole,terconazole
aubagio,teriflunomide,teriflunomide
forteo,teriparatide,teriparatide
egrifta,tesamorelin acetate,tesamorelin acetate
androderm,testosterone,testosterone
androgel,testosterone,testosterone
axiron,testosterone,testosterone
fortesta,testosterone,testosterone
natesto,testosterone,testosterone
striant,testosterone,testosterone
testim,testosterone,testosterone
targretin,bexarotene,bexarotene
testopel,testosterone,testosterone
vogelxo,testosterone,testosterone
depo-testosterone,testosterone cypionate,testosterone cypionate
delatestryl,testosterone enanthate,testosterone enanthate
aveed,testosterone undecanoate,testosterone undecanoate
xenazine,tetrabenazine,tetrabenazine
casodex,bicalutamide,bicalutamide
thalomid,thalidomide,thalidomide
tabloid,thioguanine,thioguanine
navane,thiothixene,thiothixene
latisse,bimatoprost,bimatoprost
brilinta,ticagrelor,ticagrelor
tygacil,tigecycline,tigecycline
betimol,timolol,timolol
istalol,timolol maleate,timolol maleate
timoptic,timolol maleate,timolol maleate
timoptic-xe,timolol maleate,timolol maleate
lumigan,bimatoprost,bimatoprost
tindamax,tinidazole,tinidazole
thiola,tiopronin,tiopronin
spiriva,tiotropium bromide,tiotropium bromide
spiriva respimat,tiotropium bromide,tiotropium bromide
aptivus,tipranavir,tipranavir
bethkis,tobramycin,tobramycin
tobi podhaler,tobramycin,tobramycin
tobrex,tobramycin,tobramycin
actemra,tocilizumab,tocilizumab
xeljanz,tofacitinib citrate,tofacitinib citrate
tasmar,tolcapone,tolcapone
detrol,tolterodine tartrate,tolterodine tartrate
detrol la,tolterodine tartrate,tolterodine tartrate
tolterodine tartrate er,tolterodine tartrate,tolterodine tartrate
samsca,tolvaptan,tolvaptan
qudexy xr,topiramate,topiramate
topamax,topiramate,topiramate
topiramate er,topiramate,topiramate
trokendi xr,topiramate,topiramate
fareston,toremifene citrate,toremifene citrate
demadex,torsemide,torsemide
mekinist,trametinib dimethyl sulfoxide,trametinib dimethyl sulfoxide
mavik,trandolapril,trandolapril
cyklokapron,tranexamic acid,tranexamic acid
lysteda,tranexamic acid,tranexamic acid
parnate,tranylcypromine sulfate,tranylcypromine sulfate
herceptin,trastuzumab,trastuzumab
travatan z,travoprost,travoprost
zebeta,bisoprolol fumarate,bisoprolol fumarate
atralin,tretinoin,tretinoin
avita,tretinoin,tretinoin
retin-a,tretinoin,tretinoin
tretin-x,tretinoin,tretinoin
azmacort,triamcinolone acetonide,triamcinolone acetonide
kenalog,triamcinolone acetonide,triamcinolone acetonide
kenalog-10,triamcinolone acetonide,triamcinolone acetonide
kenalog-40,triamcinolone acetonide,triamcinolone acetonide
nasacort aq,triamcinolone acetonide,triamcinolone acetonide
oralone,triamcinolone acetonide,triamcinolone acetonide
trianex,triamcinolone acetonide,triamcinolone acetonide
triderm,triamcinolone acetonide,triamcinolone acetonide
aristospan,triamcinolone hexacetonide,triamcinolone hexacetonide
dyrenium,triamterene,triamterene
halcion,triazolam,triazolam
viroptic,trifluridine,trifluridine
primsol,trimethoprim,trimethoprim
blincyto,blinatumomab,blinatumomab
surmontil,trimipramine maleate,trimipramine maleate
trelstar,triptorelin pamoate,triptorelin pamoate
trelstar depot,triptorelin pamoate,triptorelin pamoate
trelstar la,triptorelin pamoate,triptorelin pamoate
mydriacyl,tropicamide,tropicamide
sanctura,trospium chloride,trospium chloride
sanctura xr,trospium chloride,trospium chloride
victrelis,boceprevir,boceprevir
trospium chloride er,trospium chloride,trospium chloride
ella,ulipristal acetate,ulipristal acetate
incruse ellipta,umeclidinium bromide,umeclidinium bromide
aluvea,urea,urea
carmol 40,urea,urea
cem-urea,urea,urea
velcade,bortezomib,bortezomib
hydro 35,urea,urea
hydro 40,urea,urea
kerafoam,urea,urea
keralac,urea,urea
keratol 40,urea,urea
re-u40,urea,urea
rea lo 40,urea,urea
remeven,urea,urea
tl 45% urea,urea,urea
umecta,urea,urea
tracleer,bosentan,bosentan
umecta pd,urea,urea
uramaxin,urea,urea
uramaxin gt,urea,urea
urea 40,urea,urea
urealac,urea,urea
x-viate,urea,urea
bosulif,bosutinib,bosutinib
actigall,ursodiol,ursodiol
urso,ursodiol,ursodiol
urso forte,ursodiol,ursodiol
adcetris,brentuximab vedotin,brentuximab vedotin
stelara,ustekinumab,ustekinumab
depakene,valproic acid,valproic acid
stavzor,valproic acid,valproic acid
rexulti,brexpiprazole,brexpiprazole
valstar,valrubicin,valrubicin
diovan,valsartan,valsartan
alphagan p,brimonidine tartrate,brimonidine tartrate
caprelsa,vandetanib,vandetanib
chantix,varenicline tartrate,varenicline tartrate
pitressin,vasopressin,vasopressin
entyvio,vedolizumab,vedolizumab
vpriv,velaglucerase alfa,velaglucerase alfa
zelboraf,vemurafenib,vemurafenib
mirvaso,brimonidine tartrate,brimonidine tartrate
visudyne,verteporfin,verteporfin
sabril,vigabatrin,vigabatrin
viibryd,vilazodone hydrochloride,vilazodone hydrochloride
vincasar pfs,vincristine sulfate,vincristine sulfate
erivedge,vismodegib,vismodegib
azopt,brinzolamide,brinzolamide
zontivity,vorapaxar sulfate,vorapaxar sulfate
vfend,voriconazole,voriconazole
vfend iv,voriconazole,voriconazole
zolinza,vorinostat,vorinostat
brintellix,vortioxetine hydrobromide,vortioxetine hydrobromide
coumadin,warfarin sodium,warfarin sodium
jantoven,warfarin sodium,warfarin sodium
bromday,bromfenac sodium,bromfenac sodium
accolate,zafirlukast,zafirlukast
sonata,zaleplon,zaleplon
relenza,zanamivir,zanamivir
prialt,ziconotide acetate,ziconotide acetate
retrovir,zidovudine,zidovudine
galzin,zinc acetate,zinc acetate
zincate,zinc sulfate,zinc sulfate
geodon,ziprasidone mesylate,ziprasidone mesylate
prolensa,bromfenac sodium,bromfenac sodium
zometa,zoledronic acid,zoledronic acid
zolmitriptan odt,zolmitriptan,zolmitriptan
zomig,zolmitriptan,zolmitriptan
zomig zmt,zolmitriptan,zolmitriptan
ambien,zolpidem tartrate,zolpidem tartrate
ambien cr,zolpidem tartrate,zolpidem tartrate
xibrom,bromfenac sodium,bromfenac sodium
edluar,zolpidem tartrate,zolpidem tartrate
intermezzo,zolpidem tartrate,zolpidem tartrate
zolpidem tartrate er,zolpidem tartrate,zolpidem tartrate
zolpimist,zolpidem tartrate,zolpidem tartrate
zonegran,zonisamide,zonisamide
diamox sequels,acetazolamide,acetazolamide
cycloset,bromocriptine mesylate,bromocriptine mesylate
parlodel,bromocriptine mesylate,bromocriptine mesylate
bpm,brompheniramine maleate,brompheniramine maleate
bromax,brompheniramine maleate,brompheniramine maleate
lodrane 24,brompheniramine maleate,brompheniramine maleate
lohist 12hr,brompheniramine maleate,brompheniramine maleate
respa-br,brompheniramine maleate,brompheniramine maleate
budesonide ec,budesonide,budesonide
entocort ec,budesonide,budesonide
pulmicort,budesonide,budesonide
pulmicort flexhaler,budesonide,budesonide
rhinocort aqua,budesonide,budesonide
uceris,budesonide,budesonide
butrans,buprenorphine,buprenorphine
myleran,busulfan,busulfan
gynazole-1,butoconazole nitrate,butoconazole nitrate
gynazole 1,butoconazole nitrate,butoconazole nitrate
jevtana,cabazitaxel,cabazitaxel
cometriq,cabozantinib s-malate,cabozantinib s-malate
calcitrene,calcipotriene,calcipotriene
dovonex,calcipotriene,calcipotriene
sorilux,calcipotriene,calcipotriene
lithostat,acetohydroxamic acid,acetohydroxamic acid
rocaltrol,calcitriol,calcitriol
vectical,calcitriol,calcitriol
eliphos,calcium acetate,calcium acetate
phoslo,calcium acetate,calcium acetate
phoslyra,calcium acetate,calcium acetate
invokana,canagliflozin,canagliflozin
atacand,candesartan cilexetil,candesartan cilexetil
capastat sulfate,capreomycin sulfate,capreomycin sulfate
isopto carbachol,carbachol,carbachol
carbamazepine er,carbamazepine,carbamazepine
carbamazepine xr,carbamazepine,carbamazepine
carbatrol,carbamazepine,carbamazepine
epitol,carbamazepine,carbamazepine
equetro,carbamazepine,carbamazepine
tegretol,carbamazepine,carbamazepine
tegretol xr,carbamazepine,carbamazepine
arbinoxa,carbinoxamine maleate,carbinoxamine maleate
karbinal er,carbinoxamine maleate,carbinoxamine maleate
palgic,carbinoxamine maleate,carbinoxamine maleate
availnex,carbocysteine,carbocysteine
carbaglu,carglumic acid,carglumic acid
soma,carisoprodol,carisoprodol
bicnu,carmustine,carmustine
coreg,carvedilol,carvedilol
coreg cr,carvedilol phosphate,carvedilol phosphate
cancidas,caspofungin acetate,caspofungin acetate
cefaclor er,cefaclor,cefaclor
omnicef,cefdinir,cefdinir
spectracef,cefditoren pivoxil,cefditoren pivoxil
suprax,cefixime,cefixime
claforan,cefotaxime sodium,cefotaxime sodium
fortaz,ceftazidime,ceftazidime
soriatane,acitretin,acitretin
tazicef,ceftazidime,ceftazidime
cedax,ceftibuten,ceftibuten
rocephin,ceftriaxone sodium,ceftriaxone sodium
ceftin,cefuroxime axetil,cefuroxime axetil
zinacef,cefuroxime sodium,cefuroxime sodium
celebrex,celecoxib,celecoxib
keflex,cephalexin,cephalexin
zykadia,ceritinib,ceritinib
tudorza pressair,aclidinium bromide,aclidinium bromide
cimzia,certolizumab pegol,certolizumab pegol
erbitux,cetuximab,cetuximab
chenodal,chenodiol,chenodiol
somnote,chloral hydrate,chloral hydrate
leukeran,chlorambucil,chlorambucil
paroex,chlorhexidine gluconate,chlorhexidine gluconate
periogard,chlorhexidine gluconate,chlorhexidine gluconate
zovirax,acyclovir,acyclovir
aralen phosphate,chloroquine phosphate,chloroquine phosphate
diuril,chlorothiazide,chlorothiazide
humira/humira pen,adalimumab,adalimumab
thalitone,chlorthalidone,chlorthalidone
lorzone,chlorzoxazone,chlorzoxazone
parafon forte dsc,chlorzoxazone,chlorzoxazone
alvesco,ciclesonide,ciclesonide
omnaris,ciclesonide,ciclesonide
zetonna,ciclesonide,ciclesonide
ciclodan,ciclopirox,ciclopirox
loprox,ciclopirox,ciclopirox
differin,adapalene,adapalene
penlac,ciclopirox,ciclopirox
ciclodan,ciclopirox olamine,ciclopirox olamine
vistide,cidofovir,cidofovir
pletal,cilostazol,cilostazol
cipro,ciprofloxacin,ciprofloxacin
celexa,citalopram hydrobromide,citalopram hydrobromide
citalopram hbr,citalopram hydrobromide,citalopram hydrobromide
biaxin,clarithromycin,clarithromycin
biaxin xl,clarithromycin,clarithromycin
hepsera,adefovir dipivoxil,adefovir dipivoxil
clarithromycin er,clarithromycin,clarithromycin
cleocin,clindamycin phosphate,clindamycin phosphate
cleocin phosphate,clindamycin phosphate,clindamycin phosphate
cleocin t,clindamycin phosphate,clindamycin phosphate
clindacin etz,clindamycin phosphate,clindamycin phosphate
gilotrif,afatinib dimaleate,afatinib dimaleate
clindacin p,clindamycin phosphate,clindamycin phosphate
clindagel,clindamycin phosphate,clindamycin phosphate
clindamax,clindamycin phosphate,clindamycin phosphate
clindareach,clindamycin phosphate,clindamycin phosphate
clindesse,clindamycin phosphate,clindamycin phosphate
evoclin,clindamycin phosphate,clindamycin phosphate
eylea,aflibercept,aflibercept
onfi,clobazam,clobazam
clobex,clobetasol propionate,clobetasol propionate
clodan,clobetasol propionate,clobetasol propionate
cormax,clobetasol propionate,clobetasol propionate
olux,clobetasol propionate,clobetasol propionate
temovate,clobetasol propionate,clobetasol propionate
fabrazyme,agalsidase beta,agalsidase beta
cloderm,clocortolone pivalate,clocortolone pivalate
albenza,albendazole,albendazole
klonopin,clonazepam,clonazepam
catapres-tts 1,clonidine,clonidine
catapres-tts 2,clonidine,clonidine
catapres-tts 3,clonidine,clonidine
tanzeum,albiglutide,albiglutide
plavix,clopidogrel bisulfate,clopidogrel bisulfate
tranxene t-tab,clorazepate dipotassium,clorazepate dipotassium
albumin (human),albumin human,albumin human
clozapine odt,clozapine,clozapine
clozaril,clozapine,clozapine
fazaclo,clozapine,clozapine
versacloz,clozapine,clozapine
tybost,cobicistat,cobicistat
cotellic,cobimetinib fumarate,cobimetinib fumarate
albuminar-25,albumin human,albumin human
colcrys,colchicine,colchicine
albuminar-5,albumin human,albumin human
h.p. acthar,corticotropin,corticotropin
xalkori,crizotinib,crizotinib
alburx,albumin human,albumin human
crolom,cromolyn sodium,cromolyn sodium
gastrocrom,cromolyn sodium,cromolyn sodium
albutein,albumin human,albumin human
flexbumin,albumin human,albumin human
plasbumin-25,albumin human,albumin human
seromycin,cycloserine,cycloserine
restasis,cyclosporine,cyclosporine
sandimmune,cyclosporine,cyclosporine
proventil,albuterol,albuterol
accuneb,albuterol sulfate,albuterol sulfate
pradaxa,dabigatran etexilate mesylate,dabigatran etexilate mesylate
tafinlar,dabrafenib mesylate,dabrafenib mesylate
daklinza,daclatasvir dihydrochloride,daclatasvir dihydrochloride
ampyra,dalfampridine,dalfampridine
dantrium,dantrolene sodium,dantrolene sodium
farxiga,dapagliflozin propanediol,dapagliflozin propanediol
aczone,dapsone,dapsone
cubicin,daptomycin,daptomycin
darzalex,daratumumab,daratumumab
enablex,darifenacin hydrobromide,darifenacin hydrobromide
prezista,darunavir ethanolate,darunavir ethanolate
proair hfa,albuterol sulfate,albuterol sulfate
sprycel,dasatinib,dasatinib
dacogen,decitabine,decitabine
exjade,deferasirox,deferasirox
jadenu,deferasirox,deferasirox
ferriprox,deferiprone,deferiprone
desferal,deferoxamine mesylate,deferoxamine mesylate
desferal mesylate,deferoxamine mesylate,deferoxamine mesylate
proair respiclick,albuterol sulfate,albuterol sulfate
firmagon,degarelix acetate,degarelix acetate
rescriptor,delavirdine mesylate,delavirdine mesylate
prolia,denosumab,denosumab
xgeva,denosumab,denosumab
clarinex,desloratadine,desloratadine
proventil hfa,albuterol sulfate,albuterol sulfate
ddavp,desmopressin acetate,desmopressin acetate
stimate,desmopressin acetate,desmopressin acetate
ventolin hfa,albuterol sulfate,albuterol sulfate
vospire er,albuterol sulfate,albuterol sulfate
desonate,desonide,desonide
desowen,desonide,desonide
lokara,desonide,desonide
verdeso,desonide,desonide
lastacaft,alcaftadine,alcaftadine
topicort,desoximetasone,desoximetasone
desvenlafaxine er,desvenlafaxine,desvenlafaxine
khedezla,desvenlafaxine,desvenlafaxine
pristiq er,desvenlafaxine succinate,desvenlafaxine succinate
baycadron,dexamethasone,dexamethasone
aclovate,alclometasone dipropionate,alclometasone dipropionate
dexamethasone intensol,dexamethasone,dexamethasone
dexpak,dexamethasone,dexamethasone
maxidex,dexamethasone,dexamethasone
ozurdex,dexamethasone,dexamethasone
zema-pak,dexamethasone,dexamethasone
dexilant,dexlansoprazole,dexlansoprazole
kapidex,dexlansoprazole,dexlansoprazole
dexedrine,dextroamphetamine sulfate,dextroamphetamine sulfate
dextroamphetamine sulfate er,dextroamphetamine sulfate,dextroamphetamine sulfate
procentra,dextroamphetamine sulfate,dextroamphetamine sulfate
zenzedi,dextroamphetamine sulfate,dextroamphetamine sulfate
glutose 15,dextrose,dextrose
diastat,diazepam,diazepam
diastat acudial,diazepam,diazepam
valium,diazepam,diazepam
proglycem,diazoxide,diazoxide
keveyis,dichlorphenamide,dichlorphenamide
cambia,diclofenac potassium,diclofenac potassium
cataflam,diclofenac potassium,diclofenac potassium
zipsor,diclofenac potassium,diclofenac potassium
diclofenac sodium er,diclofenac sodium,diclofenac sodium
pennsaid,diclofenac sodium,diclofenac sodium
solaraze,diclofenac sodium,diclofenac sodium
voltaren,diclofenac sodium,diclofenac sodium
voltaren-xr,diclofenac sodium,diclofenac sodium
videx,didanosine,didanosine
videx ec,didanosine,didanosine
psorcon,diflorasone diacetate,diflorasone diacetate
durezol,difluprednate,difluprednate
digitek,digoxin,digoxin
digoxin/digox,digoxin,digoxin
lanoxin,digoxin,digoxin
d.h.e.45,dihydroergotamine mesylate,dihydroergotamine mesylate
migranal,dihydroergotamine mesylate,dihydroergotamine mesylate
tecfidera,dimethyl fumarate,dimethyl fumarate
rimso-50,dimethyl sulfoxide,dimethyl sulfoxide
persantine,dipyridamole,dipyridamole
norpace,disopyramide phosphate,disopyramide phosphate
norpace cr,disopyramide phosphate,disopyramide phosphate
antabuse,disulfiram,disulfiram
depakote,divalproex sodium,divalproex sodium
depakote er,divalproex sodium,divalproex sodium
depakote sprinkle,divalproex sodium,divalproex sodium
divalproex sodium er,divalproex sodium,divalproex sodium
taxotere,docetaxel,docetaxel
tikosyn,dofetilide,dofetilide
anzemet,dolasetron mesylate,dolasetron mesylate
tivicay,dolutegravir sodium,dolutegravir sodium
doribax,doripenem,doripenem
pulmozyme,dornase alfa,dornase alfa
cardura,doxazosin mesylate,doxazosin mesylate
cardura xl,doxazosin mesylate,doxazosin mesylate
hectorol,doxercalciferol,doxercalciferol
proleukin,aldesleukin,aldesleukin
vibramycin,doxycycline calcium,doxycycline calcium
doryx,doxycycline hyclate,doxycycline hyclate
doxy 100,doxycycline hyclate,doxycycline hyclate
morgidox,doxycycline hyclate,doxycycline hyclate
periostat,doxycycline hyclate,doxycycline hyclate
vibramycin,doxycycline hyclate,doxycycline hyclate
alecensa,alectinib hydrochloride,alectinib hydrochloride
marinol,dronabinol,dronabinol
amevive,alefacept,alefacept
northera,droxidopa,droxidopa
trulicity,dulaglutide,dulaglutide
avodart,dutasteride,dutasteride
campath,alemtuzumab,alemtuzumab
dylix,dyphylline,dyphylline
lufyllin,dyphylline,dyphylline
kalbitor,ecallantide,ecallantide
phospholine iodide,echothiophate iodide,echothiophate iodide
spectazole,econazole nitrate,econazole nitrate
soliris,eculizumab,eculizumab
lemtrada,alemtuzumab,alemtuzumab
sustiva,efavirenz,efavirenz
jublia,efinaconazole,efinaconazole
cerdelga,eliglustat tartrate,eliglustat tartrate
vimizim,elosulfase alfa,elosulfase alfa
promacta,eltrombopag olamine,eltrombopag olamine
vitekta,elvitegravir,elvitegravir
emadine,emedastine difumarate,emedastine difumarate
jardiance,empagliflozin,empagliflozin
emtriva,emtricitabine,emtricitabine
binosto,alendronate sodium,alendronate sodium
epaned,enalapril maleate,enalapril maleate
vasotec,enalapril maleate,enalapril maleate
fuzeon,enfuvirtide,enfuvirtide
lovenox,enoxaparin sodium,enoxaparin sodium
comtan,entacapone,entacapone
fosamax,alendronate sodium,alendronate sodium
baraclude,entecavir,entecavir
xtandi,enzalutamide,enzalutamide
adrenaclick,epinephrine,epinephrine
adrenalin,epinephrine,epinephrine
adrenalin chloride,epinephrine,epinephrine
auvi-q,epinephrine,epinephrine
epipen,epinephrine,epinephrine
epipen 2-pak,epinephrine,epinephrine
epipen jr,epinephrine,epinephrine
epipen jr 2-pak,epinephrine,epinephrine
twinject,epinephrine,epinephrine
inspra,eplerenone,eplerenone
epogen,epoetin alfa,epoetin alfa
procrit,epoetin alfa,epoetin alfa
teveten,eprosartan mesylate,eprosartan mesylate
ziagen,abacavir sulfate,abacavir sulfate
ergomar,ergotamine tartrate,ergotamine tartrate
halaven,eribulin mesylate,eribulin mesylate
lumizyme,alglucosidase alfa,alglucosidase alfa
invanz,ertapenem sodium,ertapenem sodium
praluent pen,alirocumab,alirocumab
e.e.s. 200,erythromycin ethylsuccinate,erythromycin ethylsuccinate
e.e.s. 400,erythromycin ethylsuccinate,erythromycin ethylsuccinate
eryped 200,erythromycin ethylsuccinate,erythromycin ethylsuccinate
eryped 400,erythromycin ethylsuccinate,erythromycin ethylsuccinate
erythrocin lactobionate,erythromycin lactobionate,erythromycin lactobionate
erythrocin stearate,erythromycin stearate,erythromycin stearate
praluent syringe,alirocumab,alirocumab
lexapro,escitalopram oxalate,escitalopram oxalate
aptiom,eslicarbazepine acetate,eslicarbazepine acetate
nexium,esomeprazole magnesium,esomeprazole magnesium
nexium i.v.,esomeprazole sodium,esomeprazole sodium
alora,estradiol,estradiol
climara,estradiol,estradiol
divigel,estradiol,estradiol
elestrin,estradiol,estradiol
estrace,estradiol,estradiol
estraderm,estradiol,estradiol
estrasorb,estradiol,estradiol
estring,estradiol,estradiol
estrogel,estradiol,estradiol
evamist,estradiol,estradiol
menostar,estradiol,estradiol
minivelle,estradiol,estradiol
vagifem,estradiol,estradiol
vivelle,estradiol,estradiol
vivelle-dot,estradiol,estradiol
femring,estradiol acetate,estradiol acetate
femtrace,estradiol acetate,estradiol acetate
depo-estradiol,estradiol cypionate,estradiol cypionate
delestrogen,estradiol valerate,estradiol valerate
emcyt,estramustine phosphate sodium,estramustine phosphate sodium
premarin,"estrogens, conjugated","estrogens, conjugated"
lunesta,eszopiclone,eszopiclone
enbrel,etanercept,etanercept
sodium edecrin,ethacrynate sodium,ethacrynate sodium
edecrin,ethacrynic acid,ethacrynic acid
panretin,alitretinoin,alitretinoin
trecator,ethionamide,ethionamide
zarontin,ethosuximide,ethosuximide
peganone,ethotoin,ethotoin
didronel,etidronate disodium,etidronate disodium
etodolac er,etodolac,etodolac
implanon,etonogestrel,etonogestrel
zyloprim,allopurinol,allopurinol
nexplanon,etonogestrel,etonogestrel
toposar,etoposide,etoposide
etopophos,etoposide phosphate,etoposide phosphate
intelence,etravirine,etravirine
afinitor,everolimus,everolimus
afinitor disperz,everolimus,everolimus
zortress,everolimus,everolimus
repatha sureclick,evolocumab,evolocumab
repatha syringe,evolocumab,evolocumab
aromasin,exemestane,exemestane
byetta,exenatide,exenatide
zetia,ezetimibe,ezetimibe
axert,almotriptan malate,almotriptan malate
potiga,ezogabine,ezogabine
famvir,famciclovir,famciclovir
pepcid,famotidine,famotidine
intralipid,fat emulsions,fat emulsions
liposyn iii,fat emulsions,fat emulsions
nutrilipid,fat emulsions,fat emulsions
nesina,alogliptin benzoate,alogliptin benzoate
uloric,febuxostat,febuxostat
felbatol,felbamate,felbamate
felodipine er,felodipine,felodipine
fenoglide,fenofibrate,fenofibrate
lipofen,fenofibrate,fenofibrate
lofibra,fenofibrate,fenofibrate
nalfon,fenoprofen calcium,fenoprofen calcium
duragesic,fentanyl,fentanyl
subsys,fentanyl,fentanyl
abstral,fentanyl citrate,fentanyl citrate
actiq,fentanyl citrate,fentanyl citrate
fentora,fentanyl citrate,fentanyl citrate
lazanda,fentanyl citrate,fentanyl citrate
onsolis,fentanyl citrate,fentanyl citrate
auryxia,ferric citrate,ferric citrate
toviaz,fesoterodine fumarate,fesoterodine fumarate
dificid,fidaxomicin,fidaxomicin
neupogen,filgrastim,filgrastim
propecia,finasteride,finasteride
proscar,finasteride,finasteride
tambocor,flecainide acetate,flecainide acetate
diflucan,fluconazole,fluconazole
ancobon,flucytosine,flucytosine
oforta,fludarabine phosphate,fludarabine phosphate
aerobid,flunisolide,flunisolide
aerospan,flunisolide,flunisolide
nasarel,flunisolide,flunisolide
capex shampoo,fluocinolone acetonide,fluocinolone acetonide
derma-smoothe-fs,fluocinolone acetonide,fluocinolone acetonide
synalar,fluocinolone acetonide,fluocinolone acetonide
alprazolam er,alprazolam,alprazolam
vanos,fluocinonide,fluocinonide
alprazolam intensol,alprazolam,alprazolam
fluor-op,fluorometholone,fluorometholone
fml,fluorometholone,fluorometholone
fml forte,fluorometholone,fluorometholone
fml s.o.p.,fluorometholone,fluorometholone
flarex,fluorometholone acetate,fluorometholone acetate
adrucil,fluorouracil,fluorouracil
carac,fluorouracil,fluorouracil
efudex,fluorouracil,fluorouracil
fluoroplex,fluorouracil,fluorouracil
alprazolam odt,alprazolam,alprazolam
tolak,fluorouracil,fluorouracil
androxy,fluoxymesterone,fluoxymesterone
alprazolam xr,alprazolam,alprazolam
cordran,flurandrenolide,flurandrenolide
ocufen,flurbiprofen sodium,flurbiprofen sodium
arnuity ellipta,fluticasone furoate,fluticasone furoate
veramyst,fluticasone furoate,fluticasone furoate
cutivate,fluticasone propionate,fluticasone propionate
flonase,fluticasone propionate,fluticasone propionate
niravam,alprazolam,alprazolam
flovent diskus,fluticasone propionate,fluticasone propionate
flovent hfa,fluticasone propionate,fluticasone propionate
fluvastatin er,fluvastatin sodium,fluvastatin sodium
lescol,fluvastatin sodium,fluvastatin sodium
lescol xl,fluvastatin sodium,fluvastatin sodium
xanax,alprazolam,alprazolam
fluvoxamine maleate er,fluvoxamine maleate,fluvoxamine maleate
luvox cr,fluvoxamine maleate,fluvoxamine maleate
duleek-dp 15,folic acid,folic acid
duleek-dp 7.5,folic acid,folic acid
xanax xr,alprazolam,alprazolam
arixtra,fondaparinux sodium,fondaparinux sodium
foradil,formoterol fumarate,formoterol fumarate
perforomist,formoterol fumarate,formoterol fumarate
lexiva,fosamprenavir calcium,fosamprenavir calcium
emend,fosaprepitant dimeglumine,fosaprepitant dimeglumine
foscavir,foscarnet sodium,foscarnet sodium
monurol,fosfomycin tromethamine,fosfomycin tromethamine
cerebyx,fosphenytoin sodium,fosphenytoin sodium
frova,frovatriptan succinate,frovatriptan succinate
faslodex,fulvestrant,fulvestrant
caverject,alprostadil,alprostadil
lasix,furosemide,furosemide
gralise,gabapentin,gabapentin
neurontin,gabapentin,gabapentin
naglazyme,galsulfase,galsulfase
edex,alprostadil,alprostadil
zirgan,ganciclovir,ganciclovir
cytovene,ganciclovir sodium,ganciclovir sodium
zymar,gatifloxacin,gatifloxacin
zymaxid,gatifloxacin,gatifloxacin
muse,alprostadil,alprostadil
iressa,gefitinib,gefitinib
lopid,gemfibrozil,gemfibrozil
factive,gemifloxacin mesylate,gemifloxacin mesylate
prostin vr pediatric,alprostadil,alprostadil
garamycin,gentamicin sulfate,gentamicin sulfate
gentak,gentamicin sulfate,gentamicin sulfate
copaxone,glatiramer acetate,glatiramer acetate
glatopa,glatiramer acetate,glatiramer acetate
amaryl,glimepiride,glimepiride
hexalen,altretamine,altretamine
glipizide er,glipizide,glipizide
glipizide xl,glipizide,glipizide
glucotrol,glipizide,glipizide
glucotrol xl,glipizide,glipizide
drysol,aluminum chloride,aluminum chloride
diabeta,glyburide,glyburide
ravicti,glycerol phenylbutyrate,glycerol phenylbutyrate
cuvposa,glycopyrrolate,glycopyrrolate
robinul,glycopyrrolate,glycopyrrolate
hypercare,aluminum chloride,aluminum chloride
robinul forte,glycopyrrolate,glycopyrrolate
myochrysine,gold sodium thiomalate,gold sodium thiomalate
simponi,golimumab,golimumab
simponi aria,golimumab,golimumab
zoladex,goserelin acetate,goserelin acetate
sancuso,granisetron,granisetron
xerac ac,aluminum chloride,aluminum chloride
mytelase,ambenonium chloride,ambenonium chloride
letairis,ambrisentan,ambrisentan
halog,halcinonide,halcinonide
ultravate,halobetasol propionate,halobetasol propionate
haldol decanoate 100,haloperidol decanoate,haloperidol decanoate
haldol decanoate 50,haloperidol decanoate,haloperidol decanoate
haloperidol decanoate 100,haloperidol decanoate,haloperidol decanoate
haldol,haloperidol lactate,haloperidol lactate
hyperhep b s-d,hepatitis b immune globulin,hepatitis b immune globulin
nabi-hb,hepatitis b immune globulin,hepatitis b immune globulin
phisohex,hexachlorophene,hexachlorophene
microzide,hydrochlorothiazide,hydrochlorothiazide
hysingla er,hydrocodone bitartrate,hydrocodone bitartrate
zohydro er,hydrocodone bitartrate,hydrocodone bitartrate
orencia,abatacept,abatacept
ala-cort,hydrocortisone,hydrocortisone
ala-scalp,hydrocortisone,hydrocortisone
anusol-hc,hydrocortisone,hydrocortisone
colocort,hydrocortisone,hydrocortisone
cortef,hydrocortisone,hydrocortisone
cortenema,hydrocortisone,hydrocortisone
procto-kit,hydrocortisone,hydrocortisone
procto-pak,hydrocortisone,hydrocortisone
proctocort,hydrocortisone,hydrocortisone
proctocream-hc,hydrocortisone,hydrocortisone
proctosol-hc,hydrocortisone,hydrocortisone
proctozone-hc,hydrocortisone,hydrocortisone
scalacort,hydrocortisone,hydrocortisone
texacort,hydrocortisone,hydrocortisone
anucort-hc,hydrocortisone acetate,hydrocortisone acetate
cortifoam,hydrocortisone acetate,hydrocortisone acetate
locoid,hydrocortisone butyrate,hydrocortisone butyrate
pandel,hydrocortisone probutate,hydrocortisone probutate
westcort,hydrocortisone valerate,hydrocortisone valerate
melquin-3,hydroquinone,hydroquinone
melquin hp,hydroquinone,hydroquinone
plaquenil,hydroxychloroquine sulfate,hydroxychloroquine sulfate
makena,hydroxyprogesterone caproate,hydroxyprogesterone caproate
droxia,hydroxyurea,hydroxyurea
hydrea,hydroxyurea,hydroxyurea
vistaril,hydroxyzine pamoate,hydroxyzine pamoate
anaspaz,hyoscyamine sulfate,hyoscyamine sulfate
ed-spaz,hyoscyamine sulfate,hyoscyamine sulfate
hyomax,hyoscyamine sulfate,hyoscyamine sulfate
hyomax-dt,hyoscyamine sulfate,hyoscyamine sulfate
hyomax-ft,hyoscyamine sulfate,hyoscyamine sulfate
hyomax-sl,hyoscyamine sulfate,hyoscyamine sulfate
hyomax-sr,hyoscyamine sulfate,hyoscyamine sulfate
hyoscyamine sulfate er,hyoscyamine sulfate,hyoscyamine sulfate
hyosyne,hyoscyamine sulfate,hyoscyamine sulfate
levbid,hyoscyamine sulfate,hyoscyamine sulfate
amicar,aminocaproic acid,aminocaproic acid
levsin,hyoscyamine sulfate,hyoscyamine sulfate
levsin-sl,hyoscyamine sulfate,hyoscyamine sulfate
nulev,hyoscyamine sulfate,hyoscyamine sulfate
oscimin,hyoscyamine sulfate,hyoscyamine sulfate
oscimin sl,hyoscyamine sulfate,hyoscyamine sulfate
symax,hyoscyamine sulfate,hyoscyamine sulfate
symax-sl,hyoscyamine sulfate,hyoscyamine sulfate
symax-sr,hyoscyamine sulfate,hyoscyamine sulfate
symax duotab,hyoscyamine sulfate,hyoscyamine sulfate
boniva,ibandronate sodium,ibandronate sodium
imbruvica,ibrutinib,ibrutinib
firazyr,icatibant acetate,icatibant acetate
zydelig,idelalisib,idelalisib
elaprase,idursulfase,idursulfase
fanapt,iloperidone,iloperidone
ventavis,iloprost tromethamine,iloprost tromethamine
gleevec,imatinib mesylate,imatinib mesylate
cerezyme,imiglucerase,imiglucerase
tofranil-pm,imipramine pamoate,imipramine pamoate
aldara,imiquimod,imiquimod
zyclara,imiquimod,imiquimod
paser,aminosalicylic acid,aminosalicylic acid
arcapta neohaler,indacaterol maleate,indacaterol maleate
crixivan,indinavir sulfate,indinavir sulfate
indocin,indomethacin,indomethacin
remicade,infliximab,infliximab
picato,ingenol mebutate,ingenol mebutate
novolog,insulin aspart,insulin aspart
novolog flexpen,insulin aspart,insulin aspart
tresiba flextouch u-100,insulin degludec,insulin degludec
tresiba flextouch u-200,insulin degludec,insulin degludec
levemir,insulin detemir,insulin detemir
levemir flexpen,insulin detemir,insulin detemir
levemir flextouch,insulin detemir,insulin detemir
apidra,insulin glulisine,insulin glulisine
apidra solostar,insulin glulisine,insulin glulisine
humalog,insulin lispro,insulin lispro
humalog kwikpen u-100,insulin lispro,insulin lispro
humalog kwikpen u-200,insulin lispro,insulin lispro
infergen,interferon alfacon-1,interferon alfacon-1
avonex,interferon beta-1a,interferon beta-1a
avonex pen,interferon beta-1a,interferon beta-1a
betaseron,interferon beta-1b,interferon beta-1b
extavia,interferon beta-1b,interferon beta-1b
aphthasol,amlexanox,amlexanox
yodoxin,iodoquinol,iodoquinol
yervoy,ipilimumab,ipilimumab
atrovent,ipratropium bromide,ipratropium bromide
atrovent hfa,ipratropium bromide,ipratropium bromide
